id;8589935329;137439000000;154619000000;163209000000;188979000000;214748000000;283468000000;292058000000;335007000000;403727000000
0000c97d-243d-4baa-a4ea-9cfde112f67e;0;0;0;0;0;0;0;0;1;0
0000dbbb-73cc-4e11-978e-3c7d666fb13a;1;0;0;0;0;0;0;0;0;1
0001d795-c843-4feb-8c3a-62bd2b0ae92a;0;0;0;0;0;0;0;0;0;1
0001d833-3c9a-41fc-b8d4-e8e2db26e78e;0;1;0;0;1;0;0;0;0;0
00020782-9a81-4db6-84b1-00912bcf5d6a;0;0;0;0;0;0;0;0;1;1
0002413a-e535-4e76-a767-30dc07d5e9ef;0;0;0;0;0;0;0;0;0;0
0002fd58-99ae-403b-b228-59850270a7a1;0;0;0;0;0;0;0;0;0;1
0003035b-681b-4153-a247-085de7160c43;1;0;0;0;0;1;0;0;0;1
00032907-d31c-4d51-a6d0-e326e0d52eea;0;0;0;0;0;1;0;0;0;0
0003952d-861f-4791-9d9e-804a9a505c08;0;1;0;0;1;0;0;0;0;0
0003bdd3-7931-4c82-9207-f3b835b26364;0;0;0;0;0;0;0;0;1;0
00052103-0dce-4667-be3b-4ca978663b9a;1;0;0;0;0;0;0;0;1;1
00056ea7-4ad4-496a-970d-5f81bbb496d0;0;0;0;0;0;0;0;0;1;1
00057007-c5b2-4361-8da8-cb7c7e926b2f;0;0;0;0;0;0;0;0;0;1
0005ab30-62a6-4bac-853a-dbf57a3f152b;0;0;0;0;0;0;0;0;1;1
00070268-c3ce-40a7-b49e-d68913223e9d;0;1;0;0;1;0;1;0;0;0
00087eca-3a10-470b-9807-93b476dedd54;0;0;0;0;0;0;0;0;1;1
00090224-bee6-4974-ae5b-9184a3b07913;0;0;0;0;0;0;0;0;1;1
000b1e8b-12e1-4d5f-aa37-4af373b8038b;0;0;0;0;0;0;0;0;1;1
000bd60b-774c-46ab-90cd-c8653ee849e7;0;0;0;0;0;0;0;0;1;1
000be5af-57f4-4417-9fbc-000a0bf44830;0;0;0;0;0;0;0;0;0;1
000d5820-bb78-40cf-8ecc-477398cfa4f1;0;0;0;0;0;0;0;0;0;1
000de6e7-d125-4408-9578-58d511c3cb62;1;0;0;0;0;0;0;0;0;0
000eabab-4b75-48e9-add9-2ebd508855fa;0;0;1;0;0;0;0;0;1;0
000f6e3e-ca05-4e5b-928c-2792cff76d71;1;0;0;0;0;0;0;0;1;0
000f7779-06ba-4a0f-8f66-c899b49bc2cf;1;0;0;0;0;0;0;0;0;1
000f98f9-f137-42de-a327-186f181d1e56;0;0;0;0;0;0;0;0;0;1
000fe95c-4e5d-4ac4-8b6e-74224b011413;0;1;0;0;1;0;0;0;0;0
000ff059-5921-4bdd-86ba-2359da51a972;0;0;0;0;0;0;0;0;1;0
00116731-aa9f-4d37-8291-a7ba7ce6d94a;1;0;0;0;0;0;0;0;1;1
001390c3-201d-4a9e-9636-3aa8a73c7a48;0;0;0;0;0;0;0;0;0;1
0013ec0e-7dcc-478b-b8fc-51985a427b3e;0;0;0;0;0;0;0;0;0;1
0014004a-6684-4b13-b020-395b7d557382;1;0;0;0;0;0;0;0;1;1
00145c97-2324-481d-9e03-5477dff7f4eb;0;0;0;0;0;0;0;0;0;0
00168458-838b-4c6a-8b69-c0b88a33e487;1;0;0;0;0;1;0;0;0;1
00170fce-f540-4f0b-914a-d89d30edfb43;0;1;0;0;1;0;1;0;0;0
00177cfb-2bc1-4f0a-8663-291011e060a8;1;0;0;0;0;0;0;0;1;1
00181fdc-cba2-4756-b6e6-36585a795b62;0;0;0;0;0;0;0;0;0;1
0018d66f-3053-4026-8ae6-32b12e5a361f;0;0;0;0;0;0;0;0;1;0
0018f9a7-db8c-4d0e-a8e4-f92dde32c557;0;0;0;0;0;0;0;0;0;1
00197f12-951d-4fe6-9162-e02d8f764a63;0;0;0;0;0;0;0;0;0;0
00199545-e3c5-46ae-8694-30fda9461995;0;0;0;0;0;0;0;0;1;1
0019eb77-eff5-427e-a991-fdc4355f06d7;0;0;0;0;0;0;0;0;0;1
001a2f75-39b3-481e-9f06-227a27b08aa8;0;0;0;0;0;0;0;0;0;1
001b7690-5c1f-40b9-9ea9-77126380d4bf;0;1;0;0;1;0;1;0;0;0
001badf5-a895-47fa-85ba-5d3ee76b0f50;0;0;0;0;0;0;0;0;1;1
001c7552-23a1-41e9-aeb9-34d91d757ead;1;0;0;0;0;0;0;0;1;1
001d0f9d-9ffd-4478-9ead-076b65d899a5;0;0;0;0;0;1;0;0;0;0
001d5a1e-c1e6-432b-aada-5d3e4e4776c0;0;0;0;0;0;0;0;0;1;1
001d8a5f-b84c-4730-a5b7-9e20326c39a9;0;0;0;0;0;0;0;0;1;1
001dc4da-a50c-4b15-826e-b6cd9ad593c8;0;0;0;0;0;1;0;0;0;0
001e7663-1062-48c1-a109-fc34aee6942e;0;0;0;0;0;0;0;0;1;0
00205e7b-188a-4ed8-ba54-0425c878b65e;0;0;0;0;0;0;0;0;0;1
0021823f-ef07-40c8-9615-41f0ea708927;0;0;0;0;0;1;0;0;0;1
0021bd88-6cae-4ad1-83dd-71199714caef;0;0;0;0;0;0;0;0;0;1
0023378a-4c47-4dc9-b8bb-df81028d8740;0;0;0;0;0;0;0;0;0;0
00236964-1cb7-4790-887e-bb95f117b2e2;0;0;0;0;0;0;0;0;1;0
00249174-80c8-4840-9a09-a266878e238f;0;0;0;0;0;1;0;0;0;1
0024d8b6-262d-4080-930e-c7040d077d93;1;0;0;0;0;0;0;0;0;0
0025d310-046b-4c54-8f56-773656e4d0d7;1;0;0;0;0;0;0;0;1;0
0026391f-0c3c-4060-9114-2343a110a278;0;0;0;0;0;0;0;0;1;1
0026fdb1-0ee1-4127-875f-9f7894f4c11e;1;0;0;0;0;0;0;0;1;0
002706ab-79c9-4fec-93c1-b3fa1dc88e0b;0;0;0;0;0;0;0;0;1;1
00277f97-a5c5-4fdb-aff6-bb43868b2887;0;0;0;0;0;0;0;0;0;1
0027986a-3475-4b59-a824-1314b920936f;0;0;1;0;0;0;0;0;1;0
0027a15d-ae62-4a73-9a45-4d5e776eb220;0;1;0;0;1;0;0;0;0;0
0027b6e2-df0e-4c61-afdd-e7d9cb903e93;0;0;1;0;0;0;0;0;1;1
00281abf-19ce-4510-9d32-8fc2b64f18eb;1;0;0;0;0;0;0;0;0;0
002832b2-70f5-4ac7-85ac-cf37a465c789;0;0;0;0;0;0;0;0;0;1
0028c29a-ab94-4907-8837-7dd1f049a5e4;0;0;0;0;0;0;0;0;1;1
00290c96-0f49-400f-b11a-102e4c918832;1;0;0;0;0;0;0;0;0;0
002961a8-55eb-46ce-a97c-7fa69236c9a6;0;0;0;0;0;0;0;0;0;0
002a4011-b7c9-42cb-8f80-ef3a1fcc890f;0;0;0;0;0;0;0;0;1;1
002b3fa3-ec48-4621-9b84-a84d4eed85dc;0;0;0;0;0;0;0;0;1;1
002c81c5-3613-4696-9666-f2e5989a91f9;0;0;1;0;0;0;0;0;0;0
002cd344-29a3-4877-a1e6-8755b51b5221;0;0;0;0;0;0;0;0;1;1
002cdf02-ea2d-44b5-bf72-463a142433e8;1;0;0;0;0;0;0;0;1;1
002d3861-0d89-46e5-9c49-3ad3ce60bf4b;0;0;0;0;0;0;0;0;1;0
002d4165-1b53-475f-8e61-7d15b89e79ef;0;0;0;0;0;0;0;0;1;1
002de225-1652-4bfc-8b81-36505e4f25c7;1;0;0;0;0;0;0;0;0;0
002e3795-23f1-4f86-adbc-3dfe5ddeb123;0;0;0;0;0;0;0;0;1;0
002e4b43-5aca-485d-ad18-b2f0ba7c6131;0;1;0;0;1;0;0;0;0;0
002f1bb8-b0af-46a8-a1b1-51f06cc09a1d;0;0;0;0;0;0;0;0;0;1
002f58a0-ca9a-4a2c-81a4-5210a223db53;1;0;0;0;0;0;0;0;0;0
00301fe7-46d8-4373-ad6c-8d7c8db9582f;0;0;0;0;0;1;0;0;0;1
003068f9-b201-4c44-88bc-239cbb75bc1b;0;0;0;0;0;0;0;0;1;0
00323367-e70c-45d9-87c0-caed102ca0f8;0;0;0;0;0;0;0;0;1;1
0032aaf6-c420-48e7-b93f-6c625509b613;0;0;0;0;0;0;0;0;1;1
0033447d-d774-4846-8475-0847850bbea8;0;0;1;0;0;0;0;0;1;0
0033dc4a-4779-4b14-8837-a850f23d1136;0;0;0;0;0;0;0;0;1;1
003458c4-a45b-4c0f-ab0f-e22ae0d9d972;0;0;0;0;0;1;0;0;1;1
00348931-b6d5-4e58-9680-090088f8aff3;0;0;0;0;0;0;0;0;1;1
0034af0a-dc2f-45c6-9e35-7312ec4cf6ba;1;0;0;0;0;0;0;0;0;0
00361ff9-9015-4cd5-ac09-f058be1a5942;0;0;1;0;0;0;0;0;1;1
00365dd4-4616-4a40-b040-ee255fc081d2;1;0;0;0;0;1;0;0;0;0
0037cb89-4bc9-4397-ae82-6a0c30014299;0;0;0;0;0;1;0;0;0;1
00396816-19cf-412d-87a8-5ab86159af33;0;1;0;0;1;0;1;0;0;0
0039990b-eb69-4118-a799-fb3dfe177bb4;0;0;0;0;0;0;0;0;1;1
003ae408-6eeb-45ee-b2a3-f501a0b6d11b;0;0;0;0;0;0;0;0;0;1
003ae490-bb23-49f1-a4b9-a68c89034a17;0;0;0;0;0;0;0;0;0;0
003c05ab-ebbf-44d7-8b4c-fcd0802c21fe;0;0;0;0;0;0;0;0;1;1
003c29bc-ef86-4c64-bf27-091b009936a8;1;0;0;0;0;0;0;0;0;1
003c5c91-7e14-41c1-a1d4-1ad1af8f7c01;0;0;1;0;0;0;0;0;1;0
003ca2a4-750a-459f-877b-5a8a6369fa61;0;0;0;0;0;1;0;0;1;0
003d1468-4ae9-47f3-9c15-86cc9e4d14e2;1;0;0;0;0;1;0;0;1;0
003dea06-ba82-47c4-b355-fdd28bc28a14;0;0;0;0;0;1;0;0;1;0
003dfd75-63a9-4d8d-b701-fb881a0f9d82;0;0;0;0;0;0;0;0;0;1
003e0f73-de0c-4a14-8e4f-3617a57cb00e;0;0;0;0;0;0;0;0;1;1
003f2cdb-540c-4a2b-9646-b65b380dcfa8;0;0;0;0;0;0;0;0;1;1
00414002-c054-4f71-8847-19f125315d29;0;0;0;0;0;0;0;0;1;1
0042bfdf-2f67-4b19-b4a8-db7227756c16;0;0;0;0;0;0;0;0;1;0
00434c8c-a7bf-4f2e-84ba-46ce52a1996b;0;0;0;0;0;0;0;0;0;1
0044c29c-3332-42e4-914d-6ecd3a6c1ac2;0;0;0;0;0;0;0;0;1;1
0044e931-9835-4c07-a77a-9446a6c81780;0;0;0;0;0;0;0;0;1;1
00458bdd-8754-40ee-bae5-f6e81092daa0;1;0;0;0;0;0;0;0;1;1
0045de5a-5e2a-4dfc-85b9-9cff616cec9d;1;0;0;0;0;0;0;0;0;1
0045f086-bdb5-4c27-8317-6c87bfed895b;0;0;0;0;0;0;0;0;1;1
00462b14-84a8-4023-8abe-291b54393d16;0;0;0;0;0;0;0;0;0;0
0047a67d-b5d0-487e-af15-1d0aff097f53;0;0;0;0;0;0;0;0;1;1
00483cf9-b048-44ac-9c36-2c2832bbd832;0;0;0;0;0;1;0;0;0;1
004abb6d-0821-4de4-8313-f00a9caae3a1;0;0;0;0;0;0;0;0;0;1
004e3771-3a49-4d1e-a2cb-9ce5b33d3d16;0;0;1;0;0;0;0;0;1;0
004e3a0d-a8d9-41ef-8409-947bdc672ac9;1;0;0;0;0;0;0;0;1;0
004fb744-e721-4660-8101-2968de7cb9a3;0;0;0;0;0;0;0;0;0;1
005290c8-23b1-4652-9632-0eba4715770e;0;0;0;0;0;0;0;0;1;1
005343aa-26db-43ba-b68f-8bba14a956ca;0;1;0;0;1;0;0;0;0;0
0053ebdc-5da1-406f-a149-f2e70800366b;1;0;0;0;0;0;0;0;1;0
005489d9-3b9a-4261-988b-d71d262d633a;1;0;0;0;0;0;0;0;0;0
00581c6b-1cd9-446e-af3f-712c299a8550;1;0;0;0;0;0;0;0;1;1
00583985-849d-4cbc-8cdd-28e2976d9e35;0;0;0;0;0;0;0;0;1;1
0058d87a-2c76-4d7c-9432-b91412ccda72;0;0;0;0;0;0;0;0;1;1
00594322-02fa-4a56-9b5d-269026db0f3d;0;1;0;0;1;0;1;0;0;0
0059bd19-b5fd-4c73-b682-62bac3cbb47f;0;1;0;0;1;0;0;0;0;0
0059d4fe-16c8-415f-a61d-a26f5b8633a9;1;0;0;0;0;0;0;0;1;1
005a958f-bbe5-456a-bf2b-24129ff4e49b;1;0;0;0;0;0;0;0;0;1
005aab27-01a1-4d45-b1c4-8743e58dfe99;1;0;0;0;0;1;0;0;0;0
005c843f-da9e-405a-86a0-30fff1a6b157;0;0;0;0;0;0;0;0;0;1
005ddce7-00ef-42bb-bb5c-4d4412b705b8;0;0;0;0;0;0;0;0;1;1
005f5250-256d-4343-9406-cc421154427a;0;0;0;0;0;0;0;0;1;0
005f760a-2739-43f4-9b7f-7c4de9bc7958;0;0;0;0;0;0;0;0;1;1
005f85ab-2ab4-4d66-904d-f7111ac122b7;0;0;0;0;0;1;0;0;0;1
00609663-cb5e-46f4-89ab-afebae72f11a;0;0;0;0;0;0;0;0;1;0
0060e93a-8130-455b-918a-8cc505406a89;0;0;0;0;0;0;0;0;0;1
00611c47-0874-4d9a-b78b-d59e160c6d3a;0;1;0;0;1;0;1;0;0;0
006215e1-1c75-4bdb-8f26-c2e116be506e;1;0;0;0;0;1;0;0;1;0
0063c68f-2a85-4bc0-ab2e-9435c3187e06;1;0;0;0;0;0;0;0;1;1
0064d3b4-b2b5-4287-add7-370e8ec28751;0;0;0;0;0;0;0;0;0;0
00661305-61b0-4974-ae9e-06f404fbc3b8;0;0;1;0;0;0;0;0;0;1
0066a5d5-1713-4dbe-8064-367eb364725a;0;0;0;0;0;0;0;0;0;0
0066c794-9f8e-43b5-bebc-78538903930e;0;1;0;0;1;0;0;0;0;0
0067950c-7e2c-4678-80cc-c3c6f1c54967;0;0;0;0;0;0;0;0;1;0
00685971-1c63-4919-bf47-a70a892de32a;0;0;0;0;0;0;0;0;1;1
006946df-65ad-4813-bdc9-22e360f46ed2;0;0;0;0;0;0;0;0;0;1
006980ea-081c-4180-bfe2-2eb98032d645;1;0;0;0;0;0;0;0;0;0
006a1e76-7438-42ec-b2f4-e827243099ad;0;1;0;0;1;0;0;0;0;0
006ac8a8-2529-469c-97d2-08354b098ee5;0;0;0;0;0;0;0;0;1;1
006af57c-8ff9-42c7-8d94-46e40ba984f9;0;0;0;0;0;0;0;0;1;1
006b520c-e716-4a15-aabd-8824e9f47c82;1;0;0;0;0;0;0;0;0;0
006dbe82-3e31-40ba-8c3f-4b92d50bbd1d;0;1;0;0;1;0;0;0;0;0
006e30e6-ebdb-40dd-80fb-86979c8d9334;0;1;0;0;1;0;0;0;0;0
006e4947-5458-4b73-8200-875e14cc0d80;0;1;0;0;1;0;0;0;0;0
006e7b26-6438-47d0-ada6-f5bb5f7d4242;0;0;0;0;0;0;0;0;1;1
006ee919-fa17-48ee-a7f2-670860d0b93a;0;0;1;0;0;0;0;0;0;1
006fe364-c583-4bbf-badc-d191a724365a;0;0;1;0;0;0;0;0;1;0
0071a597-4446-466d-a874-1b05a5e62040;0;0;1;0;0;0;0;0;0;0
007228cb-8e91-4359-88ce-a8dc37db8da7;1;0;0;0;0;1;0;0;1;0
00728452-9362-491f-8635-69e8d23e2618;0;0;0;0;0;0;0;0;1;0
00754052-dbfa-49a1-9051-cc6691a5a7ac;0;0;0;0;0;0;0;0;1;1
00759f3b-6173-44d5-a3bf-72ce4c672915;1;0;0;0;0;0;0;0;0;1
0075c3e2-5128-41ed-af15-ee9889d36f5a;0;0;0;0;0;0;0;0;1;0
00767865-260a-4322-bf27-ddcef8de73be;0;0;0;0;0;0;0;0;1;1
0077314a-cd5a-440c-835b-d509b3436c8c;1;0;0;0;0;0;0;0;0;1
007a041a-60a7-41d6-a39b-9fa639464dda;0;0;0;0;0;0;0;0;0;1
007a1574-e6b8-402b-a8d2-df9683798511;0;0;0;0;0;0;0;0;0;1
007a71f8-a5d1-4cab-b7b2-cbffe910f793;0;0;0;0;0;0;0;0;0;1
007b39cb-1a2d-41cf-9008-21bace8eb91a;0;0;0;0;0;0;0;0;1;0
007bbbb9-6fc7-4127-a542-33cd63670bff;0;0;0;0;0;0;0;0;1;1
007bdfd7-ff6c-40ef-bce6-e20de0a51806;0;0;0;0;0;1;0;0;1;0
007c1b2f-c8e9-43cb-8d0e-4960c77d6944;0;0;0;0;0;0;0;0;1;1
007d0240-9980-4fb7-9895-ccd63ce4f7f8;0;0;0;0;0;0;0;0;0;1
007de0e3-2a14-48b5-a0c1-81118077a9a0;0;0;0;0;0;0;0;0;1;0
007e1e98-326e-4c7e-a91f-42261499a401;1;0;0;0;0;0;0;0;0;0
007e2aba-2206-4409-9e0b-0ce381ab4aa9;1;0;0;0;0;0;0;0;0;0
007e8e3f-5038-4775-a0eb-fefa92845350;0;0;0;0;0;0;0;0;1;1
007ed9dc-b9f8-44f2-a292-8bdb24b87869;0;1;0;0;1;0;0;0;0;0
007f1d65-a15f-4e2f-8285-eba28ea07789;0;1;0;0;1;0;1;0;0;0
007f5399-eaaa-4ba1-8215-1cf6828b98d0;0;0;0;0;0;0;0;0;1;0
0080828d-8d71-4f52-87fb-6b0020c98b15;0;0;0;0;0;0;0;0;1;0
0080babb-f83b-47a6-b3f8-64dcb284a6a6;0;0;0;0;0;0;0;0;1;1
0081e315-ff65-430e-abc8-faf87c6d7485;0;0;0;0;0;1;0;0;0;0
0082e1a0-9b9c-47ed-8b9c-975ef6face79;0;1;0;0;1;0;0;0;0;0
0084fcf2-908f-4ae1-aae9-fdd4ce6181ca;0;0;0;0;0;1;0;0;1;1
008650d8-1036-4444-9afd-1425d64968bc;0;0;0;0;0;1;0;0;1;1
0087d57d-5f2d-494b-9ae7-2ab466d075fe;0;0;0;0;0;0;0;0;1;0
0087fd64-4a95-4cf2-9d68-87e88e1abbe4;1;0;0;0;0;0;0;0;0;0
00882cab-fa1b-486e-9093-6ebaa929921d;0;0;0;0;0;0;0;0;0;1
00889ad5-4170-4c47-a9fe-759494a71419;0;0;1;0;0;0;0;0;1;0
0088ebcf-bbe5-4a64-998d-65ee9c0bd3bc;0;0;1;0;0;0;0;0;1;1
00896f84-a0c8-47c0-9952-64ac66c58699;1;0;0;0;0;0;0;0;0;1
00897af8-ad5a-40f6-96c3-40a1e84e019e;0;1;0;0;1;0;0;0;0;0
008a678e-09be-4941-b179-6aa763be718b;0;0;0;0;0;0;0;0;1;1
008af5b9-8834-4845-a353-5610afbab228;1;0;0;0;0;0;0;0;0;0
008bee01-f20e-401b-a9c0-ce4c45227956;0;0;0;0;0;0;0;0;0;1
008d9a23-993d-4fba-ad2b-bf0975854359;0;0;0;0;0;0;0;0;1;1
008dd4dc-19e0-4367-8a7b-536fa2ab7afd;0;0;0;0;0;0;0;0;0;1
008e005a-a5f0-4d54-a347-48de0bf9d711;0;0;0;0;0;0;0;0;0;1
008fb3d6-0795-4772-a941-0e539f416435;1;0;0;0;0;1;0;0;0;1
0090435e-24b3-41fc-badc-08d85c8ba9cf;1;0;0;0;0;0;0;0;1;1
00914d29-268d-4723-b952-b564ba2d0c44;0;0;0;0;0;0;0;0;0;1
00916ec0-ee2d-4111-81e1-6ac2be2d9d04;0;0;0;0;0;0;0;0;1;1
0091db25-b594-4f8a-a43b-924a0bc5921a;0;0;0;0;0;0;0;0;1;1
009474cf-3f7a-4487-a9c7-51c1d6375374;0;0;0;0;0;0;0;0;1;1
009514e6-3c31-4693-a7ab-a315cd0aa1a7;0;0;0;0;0;0;0;0;1;1
00951e85-304f-4d11-be68-ee4db4c563b1;0;0;0;0;0;0;0;0;0;1
00953dc5-8d3b-4b1d-ab92-0783c3b0b662;0;0;0;0;0;0;0;0;1;1
0095c0a2-dee6-40f5-bc89-73db9b99d7cd;1;0;0;0;0;0;0;0;1;1
0096e696-ee83-41da-8bef-112341956754;0;0;0;0;0;0;0;0;0;1
0097404c-ffbb-45f8-8b42-9f0d2fa3a2b1;0;0;1;0;0;0;0;0;1;0
0097aea2-fb32-451a-bd68-5735a03d3106;0;0;0;0;0;0;0;0;1;1
0099878f-f931-47fa-99e8-b5a3e8197d39;1;0;0;0;0;0;0;0;0;1
0099d370-d63f-4eac-96a8-c28a91f9af39;1;0;0;0;0;1;0;0;0;1
009a2671-08a5-4db1-ab21-8acb30b0ba55;0;0;0;0;0;0;0;0;1;1
009aabaf-d2de-4896-944a-8e07cf985ea4;0;0;0;0;0;1;0;0;0;0
009ac144-c04f-4efc-a7b5-040b5c4e2c3a;1;0;0;0;0;0;0;0;1;0
009b58d5-dbce-4194-8aa5-2da8045952d6;0;0;0;0;0;0;0;0;0;1
009cbcd3-60a0-41ae-9838-8571c6b638b0;0;0;0;0;0;0;0;0;1;1
009dae59-d929-4d14-939a-7d3e215b32e5;0;0;1;0;0;0;0;0;1;0
009eefeb-ad2e-4b16-8406-3c1c772b5461;0;0;1;0;0;0;0;1;0;0
00a0f281-67c0-4897-82f5-69f246931563;0;0;0;0;0;0;0;0;0;1
00a24ed9-8955-4d93-b882-afbbd23b72f3;0;0;0;0;0;0;0;0;1;1
00a2ed34-8a24-498c-958c-8b76c1d6fce8;0;0;0;0;0;0;0;0;1;1
00a351ae-59c4-4280-810c-6f6ce955b5ba;0;1;0;0;1;0;0;0;0;0
00a35fee-89c3-4167-b402-64cd23cb7c6c;0;0;0;0;0;0;0;0;1;1
00a3e0d9-4079-40fc-9ec8-1a4d7c632f83;1;0;0;0;0;1;0;0;1;0
00a5b6a6-0ec3-4979-88eb-a88094686f4e;0;0;0;0;0;0;0;0;0;1
00a6a51b-e340-4faf-9451-347a286549d8;1;0;0;0;0;0;0;0;0;1
00a8f185-682f-4102-971a-7465eb1ee8b6;1;0;1;0;0;1;0;0;0;0
00a9102a-6d22-4a25-928a-33fa8e0c1b71;1;0;0;0;0;0;0;0;1;1
00a9b435-dfc0-4d1f-b198-8c1e55798a43;0;0;0;0;0;1;0;0;1;0
00a9bf50-1007-4a11-8a38-e89d1f9eb8ea;0;0;0;0;0;0;0;0;1;1
00ab6b55-e09e-4884-8efc-6f5bb2034062;0;0;0;0;0;0;0;0;1;0
00ac0a3c-7b9f-4102-850e-4ab348ca54fc;0;1;0;0;1;0;0;0;0;0
00ac4c47-7197-49d4-974b-7b08892377fb;0;0;0;0;0;0;0;0;1;1
00ade308-1c54-48a5-9f00-88eb42c387c6;0;1;0;0;1;0;0;0;0;0
00ae11f9-9455-4444-969b-3a6d83045612;0;0;0;0;0;0;0;0;0;1
00ae7b13-7c03-4a08-a925-5d61f79cff82;0;0;0;0;0;0;0;0;0;0
00aed257-a564-4090-bfbb-943c8145df38;0;0;0;0;0;1;0;0;1;1
00af2899-9a99-4505-ae08-239da1f7c8f0;0;0;0;0;0;0;0;0;0;1
00af689d-6720-40a0-8f47-9b50ddb48882;0;0;0;0;0;0;0;0;0;0
00b01757-00df-4572-ad8c-9698dceff3a8;0;0;0;0;0;0;0;0;1;1
00b0a104-2e34-447f-accc-3790e36fa343;1;0;0;0;0;0;0;0;1;1
00b2b0c1-9cad-45a1-b871-57db7664f569;0;0;0;0;0;1;0;0;1;0
00b39184-36ab-448b-85c9-b4630a5b92e4;0;1;0;0;1;0;0;0;0;0
00b3ed16-29ad-48c6-9258-960ffb75db84;0;0;0;0;0;0;0;0;1;1
00b3f3a0-f499-47a7-a813-87840aee2e15;0;0;0;0;0;0;0;0;1;1
00b445bb-0016-487f-8c8f-a4fbfc03d3c7;0;0;1;0;0;0;0;0;1;0
00b4dbfe-d059-4cbb-a9a6-2f0509984fb8;0;0;1;0;0;0;0;0;0;0
00b6e092-c236-46b4-8171-45e0e080f3bf;0;0;0;0;0;0;0;0;1;1
00b70fe3-964e-412a-858e-3b018ed96738;0;1;0;0;1;0;0;0;0;0
00b76519-6cac-4047-b234-af5e596d41bf;0;0;0;0;0;0;0;0;1;1
00b87fb2-2c76-4c4d-9fd4-e75e2d3c7b7c;0;1;0;0;1;0;1;0;0;0
00b92847-ee59-495a-a047-4fe36a66b2a7;0;1;0;0;1;0;0;0;0;0
00ba5978-fb2b-4e34-a211-2e21a16f49a2;0;0;0;0;0;0;0;0;0;1
00bbe1ff-a3df-4aa9-a6cf-1c3f2b1c3987;1;0;0;0;0;0;0;0;1;1
00bc0da2-3a95-4728-b837-cbbf9d61d202;0;0;0;0;0;0;0;0;1;1
00bc2531-38a4-4b1b-bb62-96dfaeb94750;0;0;0;0;0;0;0;0;1;0
00bc2b35-2a0b-49bd-b850-3139c784d35b;1;0;0;0;0;0;0;0;0;0
00bcdd56-1d17-41e6-83ad-a472266cfec3;0;0;0;0;0;1;0;0;1;1
00bd008a-a75b-4877-aaa7-2d6009127694;0;0;0;0;0;0;0;0;1;1
00bd6318-fba7-44ee-aead-35422203a91b;0;0;0;0;0;0;0;0;1;0
00bdbfe1-c708-4832-aa8a-965d78efbda6;0;0;1;0;0;0;0;0;1;0
00be8c9e-fbc3-4895-919c-02948eabc2c9;0;0;0;0;0;1;0;0;0;1
00be9630-b49f-4500-9349-4fe30f1d3a31;0;0;0;0;0;1;0;0;1;1
00bf9bfb-98b0-4306-8b90-39c9a522482b;0;0;0;0;0;0;0;0;1;1
00c137b7-6ec4-414a-9c3f-54abe0346279;1;0;0;0;0;0;0;0;0;1
00c13dc0-21ad-48a7-9f76-01a1d5079e97;0;0;0;0;0;0;0;0;1;1
00c33464-477f-4b37-94a6-2485091b210f;0;1;0;0;1;0;0;0;0;0
00c51f57-ac30-4f1c-9082-4c0399a5bfa8;0;0;0;0;0;0;0;0;0;0
00c612f9-7060-41bf-a1c4-f127721e957c;0;0;0;0;0;0;0;0;1;1
00c80889-8d05-4db5-8c3a-299e02ebe815;0;0;1;0;0;0;0;0;1;0
00c8b579-1a51-41c4-aa35-ee731405574a;0;0;0;0;0;1;0;0;1;0
00c93568-c341-4841-bf49-a05831d613d7;0;0;0;0;0;0;0;0;1;1
00c9a97e-895e-49ac-985e-5d02c56141a4;0;0;0;0;0;0;0;0;1;1
00cacbd5-eec7-45d3-bf9e-881ac19483cf;0;0;0;0;0;0;0;0;1;1
00cb63e0-46b2-4db8-ad7c-c68360bf23fe;0;0;1;0;0;0;0;0;1;0
00cc4e3a-8b24-4b5a-98c0-01cccc478300;0;0;0;0;0;0;0;0;0;1
00cd44af-7212-4948-8a57-4cbc965a12f2;0;0;0;0;0;0;0;0;1;1
00cd5fd8-8221-44be-b06f-738a8c432ddd;0;1;0;0;1;0;0;0;0;0
00cfb13e-46e8-48a3-91eb-c830a05a118d;0;0;0;0;0;0;0;0;0;1
00d051c8-0643-4837-9c27-fde605c38dfa;0;0;0;0;0;0;0;0;1;0
00d0bbcb-9fac-4505-ad13-9b509ebad079;0;0;0;0;0;0;0;0;1;1
00d0ec67-3190-4459-b703-86c8b86f3f8f;0;0;0;0;0;0;0;0;0;1
00d1177c-9ea4-4b60-9985-a2c0576b3182;1;0;0;0;0;1;0;0;0;0
00d143fc-7b77-437d-a0d6-87ab8bab2f88;0;1;0;0;1;0;0;0;0;0
00d1abd0-6513-4ab7-b3be-97c81361ad36;0;0;0;0;0;0;0;0;1;1
00d22391-3bb5-44f2-85b0-6890d07c188a;0;0;0;0;0;0;0;0;1;1
00d297ca-5e08-4bb6-800a-d9daf79e3b1e;0;1;0;0;1;0;0;0;0;0
00d2f81d-ca27-4c7e-ab13-2ce9a2618e67;0;0;0;0;0;0;0;0;1;1
00d50b25-3f80-4ddc-97f2-d3c4ce4068b0;0;0;0;0;0;1;0;0;0;0
00d659f4-5e2a-4477-b205-213b3e446f93;0;0;0;0;0;0;0;0;1;1
00d75f49-fd55-4b44-95f7-c0a0600d806b;0;0;0;0;0;0;0;0;1;1
00d90f76-4710-4837-91e7-af96884c0d71;0;0;0;0;0;0;0;0;1;1
00d99975-1b2f-4dcd-aa8a-fa697655aed6;0;0;1;0;0;0;0;0;0;0
00da35ab-5843-44e7-8a4a-a055f570e542;0;0;0;0;0;0;0;0;1;1
00da8634-f72b-430f-bdf4-25688b2e2a4b;0;0;1;0;0;0;0;0;1;1
00db1cb9-b285-4f24-89f5-b45b1f815f0a;0;0;0;0;0;0;0;0;1;1
00db771a-b810-4cd6-9dfc-4dc627a2e63d;0;0;0;0;0;0;0;0;1;1
00dba5cd-72fc-42b3-bf8b-8d9ccd4b097a;0;0;0;0;0;0;0;0;1;1
00dbbe27-c8f2-4096-be91-a9d8589fd8e9;0;0;0;0;0;1;0;0;0;0
00dd5056-ac2e-4af9-b8e2-c9347f385047;0;1;0;0;1;0;0;0;0;0
00dd6d09-b387-4483-9dbf-5f0ac7dd5247;0;0;0;0;0;0;0;0;1;0
00dd78c3-df6d-43d4-9d53-b11337c65108;0;0;0;0;0;0;0;0;1;1
00dd9dba-8531-478d-a478-78c30b5f149c;0;0;0;0;0;0;0;0;0;0
00dda103-acd7-4f6b-8aeb-911de211b399;0;0;0;0;0;0;0;0;1;1
00e0e7f7-db98-4c9e-940e-e9d4b3bfbd53;0;0;0;0;0;0;0;0;1;1
00e2271a-875b-453c-b954-f5d13681a9e5;0;0;0;0;0;1;0;0;1;1
00e274cb-887d-4719-b11a-8b20513ec1a8;0;0;0;0;0;0;0;0;0;0
00e3a9e2-2942-48f2-b0a7-f7463ebaeabf;0;0;0;0;0;1;0;0;1;1
00e6504d-be26-44c7-8f92-57d679db8875;1;0;0;0;0;1;0;0;1;0
00e6d167-e6cf-4512-84c8-fca1765282f7;1;0;0;0;0;1;0;0;0;1
00e6f752-aeae-435b-97f0-9bd3720aa454;1;0;0;0;0;1;0;0;1;0
00e7ccf5-e879-4f81-ac0e-4851adec3a11;0;0;0;0;0;0;0;0;1;0
00e8a2c2-f635-4027-9812-b30c12e0caa9;1;0;0;0;0;0;0;0;0;1
00e91136-8ac0-4af4-810c-7f7934df3465;1;0;0;0;0;1;0;0;1;0
00e941e0-c5a8-40a6-a59b-5a1ac15ebce6;0;0;0;0;0;0;0;0;1;1
00eae82c-3ebb-46b0-9f65-10019c358c1e;0;0;0;0;0;0;0;0;1;1
00ebbccf-e6ca-46ea-9d48-edb33bed15f2;0;0;0;0;0;0;0;0;0;1
00ec837e-8823-4a8f-84fb-03659e640adc;0;0;0;0;0;0;0;0;1;1
00ed6875-0eb3-4066-a408-6df3ded9dfc5;0;0;0;0;0;0;0;0;0;0
00ee30f7-8bce-4a54-b040-ae525cfb51f8;0;0;0;0;0;1;0;0;0;1
00ef0e7c-4a4b-402d-85c0-538878d47245;0;0;0;0;0;0;0;0;1;1
00f03889-8664-4222-bdd8-94dd7b938a4a;0;0;0;0;0;0;0;0;1;1
00f42c80-2c71-48e4-a73f-cb60e130e976;1;0;0;0;0;0;0;0;1;1
00f50f9b-f748-4cba-a8df-5a4758e54171;1;0;0;0;0;0;0;0;1;1
00f5e518-6d94-491e-ab61-c8265e740984;1;0;0;0;0;0;0;0;1;1
00f6d3bb-f362-4e46-9ef6-fd56d889c600;1;0;0;0;0;0;0;0;0;1
00f72e32-6f6b-4c26-87d2-225bb6852ae5;0;0;1;0;0;0;0;0;1;1
00f9c6d9-55e8-4a83-ba5e-633cf62da51a;0;0;0;0;0;0;0;0;1;1
00fa6b04-049b-46b5-8c8c-360cbcdc16d9;0;0;0;0;0;0;0;0;1;1
00fa8208-a65d-4d9b-8d5a-0174ef9f34fc;1;0;0;0;0;1;0;0;0;1
00fb9034-47c6-44bb-9721-73eb874266c5;0;0;0;0;0;0;0;0;0;0
00fbe072-4de0-4e0d-9c2c-c8d2a3f79fcb;0;0;0;0;0;0;0;0;0;1
00fc08d4-07f5-4b94-8308-2e70cb4a30cf;1;0;0;0;0;0;0;0;0;1
00fc4281-beb5-471a-ad2e-e2fa278a5859;0;0;0;0;0;0;0;0;1;1
00fdc4f3-7cf9-4e34-a1e6-3b9078a49fc1;1;0;0;0;0;0;0;0;0;1
00fee11a-9112-47e5-b3d5-82a70031b7e4;0;0;0;0;0;0;0;0;0;0
00fef054-324f-46b0-8474-a3d376d59ea3;0;0;0;0;0;0;0;0;0;0
010096ea-53fd-4e99-a4fd-c5fe8c3d2a6a;0;1;0;0;1;0;0;0;0;0
01017796-3a47-4b8c-bfdf-524d35f356db;0;0;0;0;0;0;0;0;0;0
01022235-cb30-4c65-9b97-d179fb5c9f21;0;0;0;0;0;0;0;0;1;0
01025be7-3669-45b0-b57f-543e3461e0ca;0;0;0;0;0;0;0;0;1;1
0103bdbd-b9e9-4881-9018-9ce5be0a5ca2;0;0;0;0;0;0;0;0;0;1
01042592-fb77-4935-adfe-d701ac3309f5;1;0;0;0;0;0;0;0;1;1
0104b6fe-9516-4796-9b46-a2e0bd87f4a1;0;0;0;0;0;0;0;0;1;0
0105602d-52b2-46e3-834d-cc07ae115a0e;0;0;0;0;0;0;0;0;0;0
010672ea-e877-44c8-bc3c-dddad874096b;0;0;0;0;0;0;0;0;1;1
01068bc5-0b50-4a04-9cd5-6f83f1f22b1f;0;0;0;0;0;0;0;0;0;1
01069ba6-a9e2-49b4-9712-e6adaf0f6352;0;0;0;0;0;1;0;0;0;0
0106ffff-75b4-4c31-ac7c-bb622d102621;0;0;1;0;0;0;0;0;0;0
01079d8a-1d94-4f82-9e13-3a63af64a70e;0;0;0;0;0;0;0;0;1;1
01080c52-c409-4cce-b0a9-0fef66a59f5b;0;0;0;0;0;0;0;0;1;1
010861d4-d3dc-4a11-87ed-6cb125db85e9;0;0;0;0;0;0;0;0;0;1
01086371-40c3-4b9f-bb57-d11726293817;0;0;1;0;0;0;0;0;0;0
010930f0-fc71-44bf-b662-fa6a67f58717;0;0;0;0;0;0;0;0;1;1
010a04dc-bf8e-442a-85e1-aec1b8a2eb53;0;0;0;0;0;0;0;0;1;1
010a6727-577a-464c-abea-783e7bc500a5;0;0;0;0;0;1;0;0;1;1
010ae5aa-3d65-4cb9-ab66-1eebf3b81c77;0;0;0;0;0;0;0;0;1;1
010c1f6b-4ebb-47dd-bd7b-48ff7bf4fbda;0;0;0;0;0;1;0;0;0;1
010c4f8c-0423-4a3b-afa8-e1c1b0c16356;1;0;0;0;0;1;0;0;0;1
010e2a20-8196-48f6-afd2-882a30709aea;0;0;0;0;0;1;0;0;0;1
010fb8c9-05f0-431b-bd08-1ebf13af7f1e;1;0;0;0;0;0;0;0;1;1
011033cc-e629-42c2-9113-77fe8203db4c;1;0;1;0;0;0;0;1;0;0
01104022-68c4-46ed-9231-3db391905ee9;1;0;0;0;0;0;0;0;0;0
01105c21-c7d9-4ba0-8b85-88ec4238e852;0;0;0;0;0;0;0;0;0;1
0110a79e-6f95-4489-8293-37a770eacd85;0;0;0;0;0;0;0;0;1;1
01128e53-c4a4-401b-99de-fb6f283c7d68;0;0;0;0;0;0;0;0;1;1
0112c97c-2e33-4f47-ab81-d1b60550329a;1;0;0;0;0;0;0;0;1;0
0113c183-887d-47cc-906c-11275e82226a;0;0;0;0;0;0;0;0;1;1
01141790-4b1c-44ea-9fbd-f10baa53246f;0;0;0;0;0;0;0;0;1;1
0115890b-a35e-43b1-bfb0-8ebbe0a4821f;0;0;0;0;0;0;0;0;0;1
0115c37e-9b1f-443f-9dfa-919e31e08909;0;0;0;0;0;1;0;0;1;1
0115f2fa-a7aa-42c9-b28c-ac35b4e17d3c;0;0;0;0;0;0;0;0;0;0
0116797a-8aaf-45d5-a6a1-71ba155e9185;0;0;0;0;0;0;0;0;1;1
01171450-009e-4e15-b209-089a0e4b7685;0;0;0;0;0;0;0;0;0;1
01185a2f-8d85-4ba2-abe0-0842572d1f71;0;0;0;0;0;0;0;0;0;1
011a03e4-249c-4222-97fa-c35226c2aa6f;0;0;0;0;0;0;0;0;0;1
011a8a7e-3686-467c-9197-90c1a2e1448d;0;1;0;0;1;0;0;0;0;0
011b41fc-3cbb-49bf-a0e2-0854661ef2b1;0;0;0;0;0;0;0;0;1;1
011c00a3-9b20-4e94-96f3-84799a309977;0;0;0;0;0;0;0;0;0;0
011c0f83-95d5-40e2-b47c-1c3ba785b1cb;1;0;0;0;0;0;0;0;0;0
011cb63a-c4a7-4350-a7da-93444a9760a6;0;0;0;0;0;0;0;0;1;1
011ce790-a3d8-4c4f-81b0-6d5906dde214;1;0;0;0;0;1;0;0;1;0
011f3c25-735a-4743-9f2b-36d3501f5024;0;0;0;0;0;0;0;0;1;0
0120ef74-21a9-41e9-a557-96dbabf7d6fe;0;0;0;0;0;0;0;0;0;0
01212868-89a3-4b66-b76f-b6179a1b6ac8;0;0;0;0;0;0;0;0;1;1
01216427-45c7-4926-bf77-1e5854f811f1;0;0;1;0;0;0;0;0;1;1
01220b2a-8882-48d9-b0ab-bd0aa2f2009f;0;0;0;0;0;1;0;0;1;0
012272a8-3bb5-4fca-97d4-ec6112c9cfd2;0;1;0;0;1;0;0;0;0;0
0122a891-606b-4f04-a55e-eb7cd7282afb;0;0;0;0;0;0;0;0;1;1
0123cd88-3edb-445c-ab2e-2497b31b7ed7;0;0;0;0;0;0;0;0;1;1
012474d5-31bb-421d-b8f3-4cd8387c8596;0;0;0;0;0;0;0;0;0;1
01247fa5-0977-4a90-8ed6-742ad93f4796;0;0;0;0;0;0;0;0;0;1
012497e3-834e-4695-9f4b-568c0b20ce55;0;0;0;0;0;0;0;0;0;1
012579a6-6e30-41a3-8f86-ca71fb6c02d6;0;0;0;0;0;0;0;0;1;1
01276e77-5516-437b-8e00-a6df421e6bd8;1;0;0;0;0;0;0;0;0;1
01278374-2fce-4e81-8edb-4bc4a009127d;0;0;0;0;0;0;0;0;0;1
0127e4f6-f84c-448d-a361-dc1886373751;0;0;0;0;0;1;0;0;0;0
012811d3-ed85-4653-8e75-36363a04ddd0;0;0;0;0;0;0;0;0;1;1
0128ec62-1b02-4910-bc5a-99dcbc2544db;0;0;0;0;0;1;0;0;0;0
01290da0-0ef3-4b64-9570-0a95769a9b6f;0;0;0;0;0;0;0;0;1;1
0129f686-c479-4523-86de-a19662609a0a;0;0;0;0;0;0;1;0;0;0
012a17f9-8c5c-4e02-9d62-dbfdd51468b3;0;0;0;0;0;1;0;0;0;1
012a404f-ad2b-4397-8725-b6863c71c46f;0;1;0;0;1;0;0;0;0;0
012aa748-6dae-4b52-ab2c-886eec62db70;0;0;0;0;0;0;0;0;1;1
012b02b1-2f1f-460a-84d8-8f17bd236627;0;0;0;0;0;1;0;0;1;1
012c1c35-9bb0-43c0-8cb5-8af76d8c43b4;0;1;0;0;1;0;0;0;0;0
012c5dd1-e482-4c17-abd8-5ab0f992177f;1;0;0;0;0;0;0;0;1;1
012c8c86-c198-4a8b-9ee3-cd2fc68d3bb8;0;0;0;0;0;0;0;0;1;1
012d3c46-d434-42d0-aaaf-06cfc2bb3f03;0;0;0;0;0;0;0;0;0;1
012d65a6-7820-447e-8dab-8a9150b62daf;0;0;0;0;0;1;0;0;0;1
012e3826-0959-45cb-87b0-49c614ff42de;0;0;0;0;0;1;0;0;1;1
012ebdca-07da-4e7e-a8a3-e80fdf77540d;0;0;0;0;0;1;0;0;0;0
012ef256-aca1-4a0a-b8f0-2db04292fc04;1;0;0;0;0;0;0;0;0;1
012f2816-faf3-4e8a-98ea-8dffa4ed6642;0;0;1;0;0;0;0;0;1;0
012f35f8-b6df-4377-8828-f95de2db5517;0;1;0;0;1;0;0;0;0;0
012f734a-21d7-41b4-98cd-4220b879f3a7;0;0;1;0;0;0;0;0;1;1
012f7748-c77c-4a6d-874e-d6322c19ffc2;0;0;0;0;0;0;0;0;1;1
012f845c-021b-4a66-93dd-7b9b16d84e01;1;0;0;0;0;0;0;0;0;1
012f9371-4b79-4308-aaf0-a716b092a4e3;0;0;0;0;0;0;0;0;0;1
013016c7-71e0-49cb-9df9-cf1227b9b38f;0;0;1;0;0;0;0;0;0;0
013096bf-5429-4680-b90a-f31ccb13d3c6;0;0;0;0;0;1;0;0;0;1
0131c993-2327-4668-9354-e5b66798676b;0;0;0;0;0;0;0;0;1;1
01320af9-f06a-459a-8dd8-c4c53e3cc65f;0;0;0;0;0;0;0;0;1;1
013250dc-6934-4dcd-a606-269ac5b3430a;0;0;0;0;0;0;0;0;0;1
01329735-807d-4bb2-9139-e59490f0c2d8;0;0;0;0;0;0;0;0;0;1
013490b4-9f5a-43eb-844d-e0ffb88cf46f;0;0;0;0;0;0;0;0;1;1
0134f4d1-43c4-48c5-aea7-25bccb23fef1;0;0;0;0;0;0;0;0;1;0
01358f4d-9454-4dcb-a02d-542c8eca2ec7;0;0;0;0;0;0;0;0;1;1
01359621-26d4-466a-a702-b3503b9cc84a;0;0;0;0;0;0;0;0;0;0
01361363-093f-4213-8d73-c44b43402a10;0;0;0;0;0;0;0;0;0;1
0138a9fd-d976-49d8-9b32-679b34303de0;0;0;0;0;0;0;0;0;1;1
0139d632-9566-410e-96ea-3e6f6ab986c4;0;0;0;0;0;0;0;0;1;1
0139dbaf-840f-4a86-8fd4-a7b1ff1f91c5;0;0;0;0;0;1;0;0;0;0
013a8839-8eb4-4196-9f8d-b814614d0de4;0;0;0;0;0;0;0;0;0;1
013c0f94-3ecb-4939-be4e-3f8a4c26e80e;0;0;0;0;0;0;0;0;1;1
013c71cb-a21c-48fe-93e1-4645755ef4db;0;0;0;0;0;0;0;0;1;1
013dde6e-5003-40c7-a09b-f054e8fdaff8;0;0;0;0;0;0;0;0;1;1
013e106e-56cc-4bb9-bf22-0f803c961dc2;0;0;0;0;0;0;0;0;1;1
013f043c-7a2a-4f90-994a-d104cf6648b7;0;0;0;0;0;0;0;0;0;1
013f6322-f1ef-4e79-a0c4-c22d58d777d9;0;0;0;0;0;0;0;0;0;1
0140da9e-3357-41a2-9fdd-aabcfb73e8aa;0;0;0;0;0;1;0;0;0;1
01411b2f-694b-4c94-aca5-f1c788c593d5;1;0;0;0;0;0;0;0;1;1
0143dd9a-fd87-462f-ad06-6927157d44ea;1;0;0;0;0;0;0;0;1;0
0143f0dd-fa90-44d7-8dc4-d43c9a32d755;1;0;0;0;0;1;0;0;0;0
01472173-fc58-4ab1-a8a0-bc9c1856e556;0;0;0;0;0;0;0;0;1;1
014721b8-c55c-4c6c-8a8b-22d10df17149;0;1;0;0;1;0;0;0;0;0
01493974-92ac-4955-b4db-a5cd9ea681ab;1;0;0;0;0;0;0;0;0;1
0149eac3-50c7-443b-a376-b54d5fc6869b;0;0;0;0;0;0;0;0;1;1
014c0555-7a87-42a9-911f-35b1ec92c274;0;0;0;0;0;0;0;0;1;1
014c0dea-b19c-430d-a81b-0e2209e1f540;1;0;0;0;0;0;0;0;0;0
014d21d9-386b-4ad8-b6bb-7b346853b2a4;1;0;0;0;0;0;0;0;0;1
014e9a17-2e67-4f64-99c7-b4862da93e9e;0;0;1;0;0;0;0;0;0;1
014ee2a1-c26f-4755-aff3-f1ca67d595ca;0;0;0;0;0;0;0;0;1;1
01530631-933b-4111-b55a-18cb57ba78e2;0;0;0;0;0;0;0;0;1;0
01538e61-5aac-431b-b194-859ff573b132;0;0;0;0;0;0;0;0;0;1
015476d7-485a-4f71-9126-ec2bfdc10abe;0;0;0;0;0;0;0;0;0;1
0154899d-1865-4258-967e-011333204d49;0;0;0;0;0;0;0;0;1;1
0154d5f2-5302-4eef-9d4b-7c8f64f86417;0;1;0;0;1;0;0;0;0;0
0155f692-c0cd-4474-a23e-5436a5da1c75;0;0;0;0;0;1;0;0;0;1
015670e3-1e2b-47ff-b123-2e8c942dc173;1;0;0;0;0;0;0;0;1;1
0157b4fe-4db2-46fa-8bfa-cb93819b4638;0;1;0;0;1;0;0;0;0;0
015801d6-c75b-4d5d-807e-ba2fbec7bc27;0;0;1;0;0;0;0;0;1;1
0158cd75-931f-4ef3-8bc3-2f135be797eb;0;0;0;0;0;0;0;0;0;1
0158df18-6cca-4bfe-9d20-fd36209bb2bb;0;0;0;0;0;0;0;0;1;0
01594f0c-c8b3-48df-b596-95f3d6c3edff;0;0;0;0;0;0;0;0;1;1
015964e0-7e9a-4fd9-9947-f2e011d99e31;0;0;0;0;0;1;0;0;0;1
015f0b24-9932-4356-8f85-dffba6bf749c;0;0;0;0;0;0;0;0;1;1
015fa401-b45b-49c2-a59d-a7e67fb8bc90;0;0;1;0;0;0;0;0;1;0
015fc9df-cc72-4b17-a620-5b40d2d489da;0;0;0;0;0;0;0;0;1;1
016179c6-fe90-4ad3-9010-2e647ea68e90;0;1;0;0;1;0;0;0;0;0
0161f574-5a27-4fe1-bade-83ee72e4834b;0;0;0;0;0;0;0;0;0;0
0161f6bc-5d5b-4342-8633-b47ebb2ebacc;0;0;0;0;0;0;0;0;1;0
016255a7-86ac-4fe7-a794-8bd9109920b6;0;0;0;0;0;0;0;0;0;1
01639040-6bf5-4a02-a83e-f6b2afad2569;0;0;0;0;0;0;0;0;0;1
01643c4d-9611-4323-bc78-cbe65726ff52;0;1;0;0;1;0;0;0;0;0
01662b62-bf8c-448f-b844-37c60d7afeaf;0;1;0;0;1;0;0;0;0;0
0167187c-a607-4b5f-be70-e4fc72b940a8;1;0;0;0;0;0;0;0;0;1
0167aa89-a879-4859-af4c-09373c69e54e;0;0;0;0;0;0;0;0;1;1
0167b02f-7bbf-4850-b94f-0e21d38fb542;0;0;0;0;0;0;0;0;0;1
01682b4e-606c-42ab-a3cc-06ea9f2d9698;0;0;0;0;0;0;0;0;1;1
01688ce2-8029-4f57-9ad3-45bcee65dce4;0;1;0;0;1;0;1;0;0;0
016a934a-1417-48de-ad5c-298bc9333a56;1;0;0;0;0;1;0;0;0;0
016aafe0-2e8e-43a3-9957-f6fda2c6da2d;0;0;0;0;0;0;0;0;1;1
016b3823-f627-4d2a-97d3-320683be05d6;0;0;0;0;0;0;0;0;1;1
016bb007-7620-4be2-a73d-db9f6dc694d5;0;0;0;0;0;0;0;0;0;1
016bb032-04a4-48e0-bbb2-43a0c09a9330;0;0;0;0;0;0;0;0;1;1
016bb71e-5fa5-4fc6-934f-4301bfbf6145;0;0;0;0;0;0;0;0;0;0
016dc3d8-e056-4d65-930f-e3d2814a6b58;0;0;0;0;0;0;0;0;1;1
016e64d9-620a-4f5a-8b2f-e9136cebc7a6;1;0;0;0;0;1;0;0;1;1
016ff94d-1e9a-439e-a7e7-c215a7e3a6fa;0;0;1;0;0;0;0;0;0;1
0171336c-967e-43b2-9bdd-19db86dd9593;0;0;0;0;0;0;0;0;0;0
0172fac4-24b4-49b2-a439-a39733138035;0;0;1;0;0;0;0;0;0;1
01736a6a-4cd1-4da0-a30f-aa8f40a81242;0;0;0;0;0;0;0;0;0;0
01757998-bc74-43c6-9fa4-c7b820e7af92;0;0;0;0;0;1;0;0;0;0
01760193-9719-4b86-b8d1-d780b7a7720c;0;0;0;0;0;1;0;0;0;0
01764d64-2e5f-4d3e-807b-66f35e6ce07b;0;0;0;0;0;0;0;0;1;1
0176afb0-2ad2-44a2-87c5-f35f332ca5ea;0;0;0;0;0;0;0;0;1;0
0176d77f-9611-47e5-bf3a-b1948739f3fa;0;1;0;0;1;0;0;0;0;0
01770ff6-a233-4123-b172-76c6a72bb2de;0;0;0;0;0;0;0;0;0;1
017720a8-01c5-4a98-a0b0-3247577e7ef3;0;0;0;0;0;1;0;0;0;1
0178607b-082d-4c59-ae5a-14b41de707ec;1;0;0;0;0;0;0;0;1;1
01794963-7b2b-4d22-a67b-01b052767f22;0;0;0;0;0;0;0;0;0;0
017bf8f5-caeb-4b45-a7f8-361091619219;0;0;0;0;0;0;0;0;1;1
017bfc52-0d26-4297-adea-b5f7d220fe5f;0;0;0;0;0;0;0;0;1;1
017c0ceb-4fd1-4c38-9b92-941f5dba1401;1;0;0;0;0;1;0;0;1;0
017c7140-bc40-4ef6-a44a-0a6b65c2e49a;0;0;1;0;0;0;0;0;0;1
017f404e-0ed6-48ab-b8d1-f2f5ec5b3cab;0;0;0;0;0;0;0;0;1;1
018101a2-24bd-4357-a95d-b64b79b30e4e;0;0;0;0;0;0;0;0;1;1
018388dd-5a96-4c94-9036-659356a7818e;0;0;0;0;0;0;0;0;0;1
01860fc9-0e27-4fdd-8eca-ead2628088a0;0;0;1;0;0;0;0;0;1;0
01861593-7252-453d-bcb8-e00910c7010e;0;0;0;0;0;1;0;0;0;1
01863b35-dc0e-4566-9d33-ef0b9806b286;0;0;0;0;0;0;0;0;1;1
01876efe-2dc3-45e2-ac93-9e6869010fd2;0;0;0;0;0;0;0;0;1;1
01878d29-3e82-409a-83a0-df534aff1b94;0;0;0;0;0;0;0;0;0;1
0188269e-9d81-486e-b9ca-a6aa438813cd;0;0;0;0;0;0;0;0;1;1
0189c3a8-c761-49e8-bb71-117e73c43459;0;0;1;0;0;0;0;0;1;1
018aac75-002f-4f03-a879-e2f2d20fb9b0;0;0;0;0;0;1;0;0;0;1
018accb5-baa4-4487-9b80-4e28517aba1d;0;0;0;0;0;1;0;0;0;1
018b812e-ca48-478c-bfa2-b23a278845b2;0;0;1;0;0;0;0;0;0;1
018beadd-bfb9-4833-839b-01f023ecc660;0;0;0;0;0;0;0;0;1;1
018c7402-d6e8-4ac4-99c4-3e435459b6cb;0;0;0;0;0;0;0;0;1;1
018d2318-a9e0-4bc8-a944-78c80c982800;0;0;0;0;0;0;0;0;1;1
018e5258-9cec-4199-afe4-5d8ad7bacb9d;1;0;0;0;0;0;0;0;0;1
018fe08d-19fb-4b83-8c70-7632d9d1452c;0;0;0;0;0;0;0;0;1;1
01901c5c-8c85-4e6a-82cb-2af997f17e58;0;0;0;0;0;0;0;0;1;1
019162ad-c102-4ce6-831b-8b08ea62b754;0;0;0;0;0;0;0;0;1;1
0192abfe-ef8b-4f85-9363-2b04b33e901b;0;0;0;0;0;0;0;0;0;1
0193ca5f-d242-4fde-b661-94d197770092;1;0;0;0;0;0;0;0;1;0
0193eacf-7ccf-45ec-8085-71e4a8e57b4d;0;1;0;0;1;0;0;0;0;0
01943499-c137-4871-8731-a96be418d07c;1;0;0;0;0;0;0;0;1;1
01950edf-665c-47d2-b626-ebfd056fd798;0;0;0;0;0;0;0;0;0;0
019635e4-059a-4477-865a-b6d5b1b7017b;0;0;0;0;0;0;0;0;0;1
01990d3f-b91b-49ac-b284-d572130ee4eb;0;0;1;0;0;1;0;0;0;0
01999bc1-6afa-436b-b574-376dcde69a13;1;0;0;0;0;0;0;0;1;1
0199e9db-83bf-4e15-bed9-f939a16de17c;0;0;0;0;0;0;0;0;1;1
019a958d-f6d5-4583-880e-5f5349d44f83;0;0;0;0;0;0;0;0;0;1
019ba010-e557-4e4d-b5eb-d726070cd914;0;0;0;0;0;0;0;0;1;1
019c1d05-3193-4616-9787-43c9f2aa5ffa;1;0;0;0;0;1;0;0;0;1
019d3a0c-9095-4c18-a513-991d9ca32233;0;0;0;0;0;0;0;0;0;1
019dc116-6c34-4358-93ff-5226f23d1a41;0;1;0;0;1;0;0;0;0;0
019e62f3-3320-4e79-8321-34cb8b1b176b;0;0;0;0;0;1;0;0;0;1
019eeadb-68e7-4c1e-ab64-6605b56ea081;0;0;0;0;0;0;0;0;1;1
01a01bf3-43ff-42c3-bdd5-110fb0ae0dae;0;0;0;0;0;0;0;0;0;1
01a0d070-cb05-4674-9146-d268dc24de1c;0;0;0;0;0;1;0;0;1;0
01a0e1cd-1c3f-4cb0-abe4-cd02f60f871e;0;0;0;0;0;0;0;0;0;1
01a1bbd5-5d65-4cb3-9ddf-a38e5c632d92;0;0;1;0;0;0;0;0;0;1
01a23927-fa74-4bf5-8b5c-c289ffd3480c;0;0;0;0;0;0;0;0;1;1
01a2735f-9b28-4a49-83e1-9d8e627c8e0f;0;0;1;0;0;0;0;0;1;1
01a28766-de0b-49fd-b092-c2cc2431c2ed;1;0;0;0;0;0;0;0;1;1
01a380b3-a22d-4781-b2d3-74dcd651fe0e;0;0;0;0;0;0;0;0;1;0
01a4cd18-c76e-42d9-9aed-e98480bab80c;0;0;0;0;0;0;0;0;1;0
01a5050f-5717-437b-9cdc-691f6256feb5;1;0;0;0;0;0;0;0;0;0
01a726b3-d809-43c0-b53b-1316c9e234c2;0;0;0;0;0;0;0;0;0;1
01a97989-3c40-4412-8f8d-c09045950283;0;0;0;0;0;0;0;0;1;1
01a99f50-6554-452f-a122-2a77c57c7961;0;0;0;0;0;0;0;0;1;1
01aa6430-fed1-4343-bc50-4baa5c1edbe3;0;0;0;0;0;0;0;0;1;0
01ab044f-6b7d-440e-a1b8-d5de054ce7e4;0;0;0;0;0;0;0;0;1;0
01abe96e-0d6f-4fcc-a584-9eaea3992c23;1;0;0;0;0;0;0;0;1;1
01ac5bc5-6cc3-4c5c-abc3-e415ed3c1b8e;0;0;0;0;0;0;0;0;1;1
01aca756-e27a-44a9-a754-7a34b4d56219;1;0;0;0;0;0;0;0;0;0
01acf0f1-0872-4925-98ba-81af343fd678;0;0;0;0;0;0;0;0;1;1
01ad672d-57d2-4ee0-8fe3-063eeb331bed;0;0;0;0;0;0;0;0;0;1
01adad62-a964-4d29-9be1-d6b4fcc178cd;0;1;0;0;1;0;0;0;0;0
01adcaa8-e16a-432f-a0ae-0a9d5b43db5c;0;0;0;0;0;0;0;0;1;1
01b24b1c-f191-46b3-a601-921543c10406;0;0;0;0;0;1;0;0;0;0
01b24ceb-cc20-4805-bc79-d1f236e920ab;0;0;0;0;0;0;0;0;0;1
01b265fb-32d9-4ac9-b6ce-55b7d46e3376;0;1;0;0;1;0;0;0;0;0
01b28a99-a7db-47d3-981c-c4232a820b97;0;0;0;0;0;1;0;0;0;0
01b31235-94fd-443c-9d8c-849ad94b5fd1;0;0;0;0;0;0;0;0;0;0
01b367cf-ebba-4490-9f1a-d87fd39996e6;0;0;1;0;0;0;0;0;0;1
01b3d791-eb4d-4325-8389-824af5f8dd86;0;0;0;0;0;1;0;0;0;1
01b3efed-f375-42af-843a-9ceda7588494;0;0;0;0;0;0;0;0;1;0
01b433f4-007d-473e-9a06-89bdb2c8cea5;0;0;0;0;0;0;0;0;0;1
01b4ce38-2fb0-45ee-aa76-b1b8f47c906f;1;0;1;0;0;0;0;0;0;0
01b4fc07-edd6-48c4-893b-56ee0afa50e4;0;0;0;0;0;1;0;0;0;0
01b527ef-f4f7-4687-8ba9-9e870a3b8b2e;0;0;0;0;0;0;0;0;1;1
01b56086-919a-492d-94ec-27569fcf8bb7;0;0;0;0;0;0;0;0;1;1
01b60d9a-7b34-4b90-a63a-dd1172521c45;0;0;0;0;0;0;0;0;0;1
01b61189-3ca9-435c-bf93-52ba5e4e9bfd;0;0;0;0;0;1;0;0;0;0
01b78530-30c1-4195-aa07-cf4bb943ecd9;0;0;0;0;0;0;0;0;1;1
01b7f445-d0ea-45c1-aa75-d14d93d7fd69;1;0;0;0;0;1;0;0;1;0
01b9366f-02b2-4eee-b485-dc049b09c8c2;0;0;0;0;0;1;0;0;1;0
01b96ea8-7dfe-4470-9c77-e845f6456bd6;0;0;0;0;0;0;0;0;0;1
01b9bed5-8830-4c86-8e6c-3daec6355d32;0;0;0;0;0;0;0;0;0;0
01ba09ea-d70f-4d98-81ff-444e04953d13;1;0;0;0;0;1;0;0;0;0
01bb8fd7-ed7b-4232-aab1-65120bbac716;0;0;0;0;0;0;0;0;0;1
01bc826c-343b-4781-834b-288f7cc3eb56;0;1;0;0;1;0;0;0;0;0
01bd10dc-b034-44c9-ac94-706e5b2a61fd;0;0;1;0;0;0;0;0;0;1
01bd1c54-3e65-4d04-a851-367131e4229f;0;1;0;0;1;0;1;0;0;0
01bd2c92-91dc-44d0-9cb1-294900ef0f6c;0;0;0;0;0;0;0;0;1;1
01bd442e-db5b-4c7c-ac00-8eb85bf1cf7d;0;1;0;0;1;0;0;0;0;0
01be64a6-4704-42fb-bade-49c4f8ceed0a;0;0;0;0;0;0;0;0;0;1
01bea049-c95d-4b75-ae45-9a101dc1053f;0;0;0;0;0;0;0;0;1;0
01c00008-4c9e-489f-a186-ecb94cca4294;0;1;0;0;1;0;0;0;0;0
01c13a22-33b6-4f48-a81f-72ab1f11fa98;0;0;0;0;0;1;0;0;1;1
01c159ef-4d83-46c3-94f4-b3f78885ce85;0;0;0;0;0;1;0;0;1;1
01c15bfc-9a36-45a9-85fa-504655ce9921;0;0;0;0;0;0;0;0;1;1
01c183f8-9cd9-4eab-800c-82fdfd06c1f7;0;0;0;0;0;0;0;0;1;1
01c1a551-8f5f-42ef-a83b-0cef93e34187;1;0;0;0;0;1;0;0;0;0
01c1fe93-edf3-43cf-ad51-0f46efc14944;0;0;0;0;0;1;0;0;0;1
01c2bfaf-7f91-41f2-b4e5-a3e506937c1b;0;0;0;0;0;0;0;0;0;1
01c3abfd-4785-4f76-bc32-a5f925b03a9d;0;0;1;0;0;0;0;0;1;0
01c41859-8069-4f1a-9b95-3e0d7b230e74;0;0;0;0;0;0;0;0;1;1
01c44c68-aaca-4c54-9e39-f5c8acfa453c;0;0;0;0;0;0;0;0;1;1
01c458ff-5920-4140-8135-d531b77943b6;1;0;0;0;0;0;0;0;0;1
01c6748a-5171-4907-a4ab-8ac6ad35bc70;1;0;0;0;0;0;0;0;1;1
01c69d6c-1604-49f0-ae5a-3f6d82fe8dc1;0;0;0;0;0;0;0;0;0;0
01c6e1a0-282c-4cd6-9a2b-5fc2a7a04dd1;0;0;0;0;0;0;0;0;1;1
01c748df-26e3-43fb-9c07-a112a06ffb95;0;0;0;0;0;1;0;0;0;0
01c84bd1-e88b-4a1d-adad-0d0a6eada10b;0;0;0;0;0;0;0;0;0;1
01c8952a-781e-484b-8d2b-02103b2caa9d;0;0;0;0;0;0;0;0;0;0
01c89af5-ca0e-4b43-aed0-1cc92458aeee;0;0;0;0;0;0;0;0;0;1
01c97858-3965-4a91-9182-3ad1924d943d;0;0;0;0;0;0;0;0;0;1
01ca73cd-3651-4942-b351-dec99bdfdc69;1;0;0;0;0;0;0;0;0;1
01caa11b-93cb-4164-bf7d-48d50d7011fa;0;1;0;0;1;0;0;0;0;0
01cac142-bdd7-47d0-ac74-1f7f2cf221e2;0;0;0;0;0;0;0;0;1;1
01cbcdbc-fb52-4672-8c80-43e37dd83506;0;0;0;0;0;0;0;0;1;1
01cc805d-51ca-48e2-8813-acede7f767b7;1;0;0;0;0;1;0;0;0;1
01ccf7a0-1c04-480a-b682-75dae2404c3d;0;0;0;0;0;0;0;0;1;1
01cd0453-392c-46c2-8478-185e58c8cc15;0;0;0;0;0;0;0;0;1;1
01cd6b81-cc08-42e7-9fbe-5b89e9aecebb;0;0;0;0;0;1;0;0;0;0
01cd70cf-640d-4543-85fa-7aadadc8804b;0;1;0;0;1;0;0;0;0;0
01cd990e-7993-4fc4-bef0-0effdfe01e93;0;0;0;0;0;0;0;0;0;1
01cddccc-9943-4a9c-961f-200712aec3bf;0;0;0;0;0;1;0;0;0;1
01cddfec-5d35-401b-b0d7-5e440ff1a9a0;0;0;0;0;0;0;0;0;0;1
01cefe7c-191b-4c3a-ac90-7363b201ac45;0;1;0;0;1;0;0;0;0;0
01d012aa-cd18-4399-8f16-458435b975fa;0;0;0;0;0;0;0;0;0;1
01d04936-d609-4225-a066-221ccb8650bf;0;0;0;0;0;0;0;0;1;1
01d13bb2-4a6d-4791-bef9-4b74b5c77deb;0;0;0;0;0;0;0;0;1;1
01d1559c-9186-47ef-ae76-993d353288cf;0;1;0;0;1;0;0;0;0;0
01d1a36d-3ea0-4e0c-ab75-831e2f871ca9;0;0;0;0;0;1;0;0;1;0
01d20fcb-d104-4608-a438-2114265399da;0;0;0;0;0;0;0;0;1;1
01d2ebcf-87c8-4093-ba4a-38f5c63a102c;0;0;0;0;0;1;0;0;0;1
01d358e8-f55c-46c4-ad1d-26a900afdd44;0;0;0;0;0;0;0;0;1;1
01d42b18-3c19-4cd6-a999-247bc99bd81d;0;0;0;0;0;0;0;0;0;1
01d50223-86bc-4930-bf89-3c620ab5ff75;0;0;0;0;0;0;0;0;1;1
01d59330-9e90-4160-9439-5f4d00831dec;0;1;0;0;1;0;0;0;0;0
01d63867-df1b-44d4-8386-0913c0f0a2b2;0;0;0;0;0;0;0;0;1;1
01d6de0b-94b5-4194-a83b-ec9fbc2a58e1;0;0;0;0;0;0;0;0;1;1
01d9131e-528e-4803-8348-5d871cd2b219;0;0;0;0;0;1;0;0;1;0
01d92aba-d3d0-41e9-89a7-905be8c23d10;0;0;0;0;0;0;0;0;1;1
01d9e109-c7d2-4fdd-8f8f-6b8463defe80;0;1;0;0;1;0;0;0;0;0
01da1639-a030-4078-b192-195139399335;0;0;0;0;0;0;0;0;1;1
01daeb54-01e7-42bd-a6a7-d6a7a3ea54e4;0;0;0;0;0;0;0;0;1;1
01db1aa7-f744-42c6-9ade-a9e26eb0adbe;0;0;0;0;0;0;0;0;0;1
01db597a-3eea-4d67-bce1-fe98d107e4b7;0;0;0;0;0;0;0;0;1;1
01db9242-3f16-447c-aa52-020478daf9ed;0;1;0;0;1;0;0;0;0;0
01dbfb5f-9538-4543-b637-b4381e287991;0;1;0;0;1;0;0;0;0;0
01dcd74b-451c-49e3-a722-00351a11c0f3;1;0;0;0;0;0;0;0;1;1
01dd7802-4c1c-47d3-b822-5aa86ce9c6df;1;0;0;0;0;0;0;0;1;0
01ddb741-4b95-47b5-b50f-b38dcadd9fbb;0;0;0;0;0;0;0;0;1;1
01de6bba-1625-4e71-8f82-0d81729eade2;0;0;0;0;0;0;0;0;1;1
01deea63-52e0-4e6f-9213-2d8c0beb11a9;1;0;0;0;0;0;0;0;1;1
01defbc1-fef0-4cec-ad66-8c5c3aacd558;0;0;0;0;0;1;0;0;0;0
01e20c3c-7bc7-47b5-9a83-6d9d7326c552;0;0;0;0;0;0;0;0;0;1
01e307ea-e987-444a-aab9-2bbaa305c5ed;0;0;0;0;0;0;0;0;1;1
01e4798c-0bef-437d-b4ad-6654f64fe6f1;0;0;0;0;0;1;0;0;0;1
01e54fd8-bebe-47e0-8cd0-aa5da5481279;0;0;0;0;0;0;0;0;0;1
01e5a627-980b-46b2-a29b-9ed036cba480;0;0;0;0;0;0;0;0;0;0
01e809b1-2d29-47c7-bd69-2e9b2120aab6;0;0;0;0;0;0;0;0;1;1
01e850eb-1893-4c5d-991e-d0f7ed7f0f8e;1;0;0;0;0;1;0;0;1;1
01e8d93c-dfd9-413d-b212-f07e69428691;0;1;0;0;1;0;0;0;0;0
01ea60df-dcd5-4772-8f1a-99d17d9021de;0;0;0;0;0;0;0;0;1;1
01eb6626-e1db-48c7-b7b9-8996a1c1c6a7;0;0;0;0;0;0;0;0;1;1
01ebe2f8-6c3d-416f-ace8-95ee04a8ef5a;0;0;0;0;0;0;0;0;1;1
01ecad68-d8f0-4658-a232-67a0be082bd9;0;0;0;0;0;0;0;0;0;1
01ecad89-396f-4cf7-ba27-6def098c82c3;0;0;0;0;0;0;0;0;1;1
01eec737-4d41-445b-b049-58b8f4808d9d;0;0;0;0;0;0;0;0;0;1
01ef957b-7c59-4351-8b27-c1fba8c55edf;1;0;0;0;0;0;0;0;0;0
01efba12-1496-4e60-9c7b-822a9031d2a6;0;0;0;0;0;0;0;0;1;1
01f29244-4299-427d-a043-d073e18c0aac;1;0;0;0;0;0;0;0;1;1
01f31d84-04c6-4214-b6f9-9a5d72174240;0;0;0;0;0;0;0;0;0;0
01f3fb03-6bf0-49a8-a88f-f38a4e875e65;0;0;0;0;0;0;0;0;1;0
01f5cf33-7411-4e66-ac42-ac77ba11e2b8;0;0;0;0;0;0;0;0;1;1
01f5f695-ceb6-43cb-9377-196009a8b037;0;0;0;0;0;0;0;0;0;1
01f61bd9-8596-441e-992e-f5892ba2b768;1;0;0;0;0;0;0;0;0;1
01f67480-c397-4f00-a78a-eecf713d8f21;0;0;0;0;0;0;0;0;1;1
01f7a225-1f61-4619-b83f-57057107c28c;0;0;1;0;0;0;0;0;1;1
01f8ab18-934e-4a97-b057-8d7ff1954eca;0;1;0;0;1;0;0;0;0;0
01fa8be6-1743-418c-b573-ca5b686ab161;0;0;0;0;0;0;0;0;0;0
01fad4af-fb76-497d-8985-6dca7bad4412;0;0;0;0;0;0;0;0;1;1
01fb716a-173d-4f4d-bb9c-404f989e451b;1;0;0;0;0;0;0;0;0;1
01fb8158-3ad5-4849-9a15-ecbf8f2eb765;0;0;0;0;0;0;0;0;0;0
01fc6a6a-c337-4a0b-b179-fc20e484e556;0;0;0;0;0;0;0;0;0;1
01fcc59b-7ad7-4f41-8a7b-df6ff07e5ab2;0;0;0;0;0;1;0;0;1;1
01fd713b-b84e-47d6-8301-a5826b746165;1;0;0;0;0;0;0;0;0;1
01fd7e49-dbc9-4cbe-9876-f9c52fe4ec2f;0;0;0;0;0;1;0;0;1;0
01ff413c-4493-482b-843d-f587a8b1a61e;0;0;1;0;0;0;0;0;1;0
0200c3a1-21b7-4c5f-8c5a-ce1d7e6c2876;0;1;0;0;1;0;0;0;0;0
0200f509-19e6-4361-9844-2f1d6d7714e2;0;0;1;0;0;0;0;0;1;0
02014333-8156-4c74-86f0-2b663b517123;0;0;0;0;0;0;0;0;1;1
0202152e-44b9-499f-b86d-893087ac4ee7;0;0;0;0;0;0;0;0;0;1
0202545e-819b-4613-8b17-67eaea42d844;0;0;0;0;0;1;0;0;0;0
02031134-b78b-497e-b555-81c6c04a7ac2;0;0;0;0;0;0;0;0;0;1
02038922-c86a-473d-ade3-26132e07ab69;0;0;0;0;0;0;0;0;0;1
02043a02-1fea-42fc-9111-3dd85aea9e0e;0;0;1;0;0;0;0;0;0;0
0204bec5-57f9-4a99-8c0f-3f37efa2b1cf;0;0;0;0;0;0;0;0;1;1
02059f75-500a-4764-b9b5-9c7c2a3d9754;0;0;0;0;0;0;0;0;0;1
02061845-a385-403f-af6b-2a76488d15a5;0;0;0;0;0;0;0;0;0;1
02071999-5cda-4a63-9ba6-31e7d41641d9;0;0;0;0;0;0;0;0;1;1
02077457-bae1-4068-87e3-71d2ae06b127;0;0;0;0;0;0;0;0;1;1
02086db1-c19d-47ba-ad0e-08a7f7619b91;0;1;0;0;1;0;0;0;0;0
02090500-41da-4be5-8eaf-ca8ef0def62c;0;0;0;0;0;0;0;0;1;1
02096b59-de74-4319-a870-d4ed1d0748da;0;0;0;0;0;0;0;0;0;1
0209a848-714e-4ada-bd9b-0c0e582d2c40;0;0;0;0;0;0;0;0;0;1
0209cc93-4451-46ee-bae0-8fdc515da5e2;0;0;0;0;0;1;0;0;0;1
020b36cb-0e3c-454a-99d6-1ddd02298152;0;0;1;0;0;0;0;0;1;0
020b8c82-23b2-41e1-84a6-3a77813af86a;1;0;1;0;0;0;0;0;1;0
020bd097-0663-444a-ac4f-a2a64d446273;0;0;0;0;0;0;0;0;0;1
020c9a9f-7ccb-4883-b32e-65e2c9548b16;0;0;0;0;0;0;0;0;0;0
020ce103-1744-498b-9e82-87c2169ce974;0;1;0;0;1;0;0;0;0;0
020e1088-c86c-4882-a9f4-abf6d52bedb2;1;0;0;0;0;1;0;0;0;0
020fd969-d19f-40a3-a518-6a05b76bc0ba;1;0;0;0;0;0;0;0;0;0
0210c5e4-465a-415c-9a7e-98ff7b9fed88;0;0;0;0;0;0;0;0;1;1
02121fdd-c018-43f6-8c23-83a15d22b834;0;0;0;0;0;0;0;0;1;1
02124471-88aa-4700-981b-a32d3d836b4c;0;0;1;0;0;0;0;0;1;0
0213eb02-b6cf-4b65-8a5f-e4cc505c90de;1;0;0;0;0;0;0;0;0;1
0214a372-02cb-4b5c-af48-38338ac0466d;0;0;0;0;0;0;0;0;1;1
0216c8b8-eca2-46a8-8111-5e48beb059ce;1;0;0;0;0;0;0;0;1;0
02171728-3a48-4142-be00-b9651ad71957;0;1;0;0;1;0;0;0;0;0
021751cb-71d3-4461-a1ee-3193a678f0f4;0;0;0;0;0;0;0;0;0;1
0217af5a-e2ad-47dd-af97-0b13e9351434;0;0;1;0;0;0;0;0;0;0
0217d285-700f-4121-99da-83d58e80b10c;0;0;0;0;0;0;0;0;1;0
021832ff-c92c-4dd8-b94d-059bcd5c64a6;0;0;0;0;0;0;0;0;0;1
021aa545-f72a-4f88-b04e-7cc556bd6dbe;0;0;0;0;0;0;0;0;1;0
021af654-dee6-4ff6-9339-6dd7b18deeea;0;0;0;0;0;0;0;0;1;1
021d91b9-01ad-4eda-bad7-9ba3eb1ff084;0;0;0;0;0;0;0;0;1;1
021e1bbd-9d83-47d9-8c6d-958fd4b24995;0;0;0;0;0;1;0;0;0;1
021f7fd3-3031-4df0-ba61-f2aad21e0eb6;0;0;0;0;0;0;0;0;0;1
02203862-5729-444b-8aa7-532dfec00a6b;1;0;0;0;0;1;0;0;0;0
0221e37a-9ac7-4a7b-8be4-b472676ef1d0;0;0;0;0;0;1;0;0;1;0
02236ef2-5e52-4992-88df-18cab9202194;0;1;0;0;1;0;0;0;0;0
02247ede-8396-45e9-ae00-337941c3b28a;1;0;0;0;0;0;0;0;1;0
0225676c-a445-412f-891a-634dd18956c9;0;1;0;0;1;0;1;0;0;0
022667ae-4c8a-4787-9950-4836473fb047;0;1;0;0;1;0;0;0;0;0
022686c0-ac55-4299-adc1-38150fe5a504;0;0;0;0;0;0;0;0;1;1
0226ca22-7158-46ed-978d-14c0221ff68c;0;0;0;0;0;1;0;0;0;0
0226d2a4-3656-47a8-95a4-73d90371ef0c;0;0;0;0;0;0;0;0;0;1
02299ab5-d294-42f4-ae28-9831793d49dd;0;0;0;0;0;0;0;0;1;1
02299ae2-958f-4e69-9c9e-9b24eff80af1;0;0;0;0;0;0;0;0;1;1
022c0fe7-15d3-4eb7-b071-48a61f800a3b;0;0;1;0;0;0;0;0;0;0
022c3689-393d-4f40-897b-d8b2b45c4fe5;0;1;0;0;1;0;0;0;0;0
022d74af-6bc3-4910-8322-753123740eaa;1;0;0;0;0;0;0;0;0;1
022f492a-98d7-44cd-88eb-98f4cb8bcd4c;0;0;0;0;0;0;0;0;1;1
023042c2-e3b5-4a44-a9f6-4994978f25a4;0;0;0;0;0;0;0;0;0;1
0230cbf9-15ce-49e2-8a63-305e059726c5;0;0;0;0;0;0;0;0;1;1
02317bdd-9af3-4f19-9446-92a6566f23f6;0;0;0;0;0;0;0;0;0;1
0231ea79-f493-4333-832a-269e9b6110af;0;0;0;0;0;1;0;0;1;1
02324c39-167e-4ff4-a5fd-5287f6d607bb;0;0;0;0;0;0;0;0;0;1
023383f3-4eb7-4b57-9747-b0ff87b6df7d;0;0;0;0;0;0;0;0;1;1
0233b3f8-15fe-4c35-8228-32d2208b52da;0;0;0;0;0;1;0;0;1;0
0233e6c1-1b31-4981-81d8-6470c89f9777;0;0;0;0;0;0;0;0;0;1
0234001f-8852-462e-8c9d-f86ab6218a4c;0;0;0;0;0;0;0;0;0;1
023467c7-fa71-40ee-8d2d-5738fa07c167;0;0;1;0;0;0;0;0;1;1
023604f2-1524-40b9-a788-a5925a5a7964;0;0;0;0;0;0;0;0;1;1
02370bdb-6cf4-456a-ab5e-9f02593f4f66;0;0;0;0;0;0;0;0;1;1
02382d11-e40a-4f2e-ada2-9c07060e6b07;0;0;0;0;0;0;0;0;0;1
0238be1d-ec33-4bca-991d-ba8c1947a516;0;0;1;0;0;0;0;0;1;0
0238f23f-2fce-48c2-99da-1d281646ae64;1;0;0;0;0;0;0;0;1;1
023a2b53-5fef-48d1-9f8d-e95b446bd366;0;0;0;0;0;0;0;0;0;0
023a50cc-27eb-422c-8d23-cee477a995dc;0;0;0;0;0;0;0;0;1;0
023af82c-adb0-43b1-a1b5-cee5b0fd6cab;0;0;0;0;0;0;0;0;1;1
023b131d-41d3-4b25-a858-09d922331735;0;0;0;0;0;1;0;0;0;1
023bfb35-7b3b-4a06-8600-f652ac6da29f;0;0;0;0;0;0;0;0;1;1
023c7b7e-3f95-4a95-975b-a2026f1f75da;0;0;0;0;0;0;0;0;1;1
023d4d39-4245-45ee-bde8-fffd964e9a31;0;0;0;0;0;0;0;0;1;1
023dd3a9-8c99-4729-8945-96de27f5634c;0;0;0;0;0;0;0;0;1;1
023e8c75-99a9-475b-9fa9-f34fbfccde96;0;0;0;0;0;0;0;0;0;1
023ea3f4-b2fc-4658-98b3-2176edd3f6d2;0;0;0;0;0;0;0;0;1;1
023fd5f1-5516-4fb6-9d8a-9a61bdc0d590;0;1;0;0;1;0;0;0;0;0
024098f5-141c-4930-a1e9-60ac88485a4a;0;0;0;0;0;0;0;0;1;0
02409b40-27a5-43d6-bfde-fec9998a26a9;0;0;0;0;0;0;0;0;1;1
0240e6c3-cb2a-410e-9a42-99e2327fb4f4;0;0;0;0;0;0;0;0;1;1
0242ed3e-943d-4cb0-8631-090c13361213;0;0;0;0;0;0;0;0;1;1
0243a23f-87bd-4af0-a609-7da2ea31793f;0;1;0;0;1;0;0;0;0;0
0243b1c8-efe8-4b51-be0a-27d3fe317943;0;0;0;0;0;0;0;0;1;1
0243f020-e0ec-40fb-9f6a-c898fc834bcf;0;1;0;0;1;0;0;0;0;0
02443be4-5d55-4416-84df-e46a62d3e26b;0;0;0;0;0;1;0;0;1;0
0244cfd0-1f76-4e9f-a2c0-46ad37c2c61b;0;0;1;0;0;0;0;0;1;0
0244eb47-0aa7-478e-a868-57617e33c123;0;0;0;0;0;1;0;0;1;1
02467767-4794-44e6-a6ca-47e8e96e59ae;1;0;0;0;0;0;0;0;1;0
02468dc6-82b0-424c-aa73-b6646566acc2;1;0;0;0;0;0;0;0;0;1
0246e0ea-b0fe-42c9-9da1-c05d1fcbf461;1;0;0;0;0;1;0;0;0;1
0248ec77-ec7b-4bd2-b387-0bdc6e907699;0;0;0;0;0;1;0;0;1;1
02499668-a407-4972-bf57-632aa966c723;0;0;0;0;0;0;0;0;1;1
0249d0ac-b658-41da-8eb1-96d86b6b17f3;0;0;0;0;0;0;0;0;1;1
024a9d09-e694-460d-b72e-a6ed78652130;0;0;0;0;0;0;0;0;1;1
024aa605-a3ef-452d-aa8f-ca2794d2a911;0;0;0;0;0;1;0;0;0;0
024db7ee-e201-44b8-b890-1c202167a38b;1;0;0;0;0;0;0;0;1;1
024dd508-0c8e-4736-975a-393b0e25a7cb;0;0;0;0;0;1;0;0;1;1
024e1fff-02b5-424a-8347-88ac312808f6;1;0;0;0;0;0;0;0;1;1
024ed412-953d-4677-b799-4b9973774f49;0;0;0;0;0;0;0;0;0;1
024f20b1-3d03-46e9-970c-5a3aa22e1f15;0;0;0;0;0;0;0;0;0;1
024f6cd8-ac34-44c9-a8a1-4b79a916c491;1;0;0;0;0;0;0;0;0;1
024ff33f-8d50-4e47-a924-1ee43bd7a979;0;0;0;0;0;1;0;0;1;0
02505d96-1418-4206-bc05-942353c896f6;1;0;0;0;0;1;0;0;0;1
02519c4f-f02f-45c1-92f6-56698515d881;0;0;0;0;0;0;0;0;0;1
0252d0ee-cb18-45a5-86c2-7ebb4537b09d;0;0;0;0;0;0;0;0;0;0
02540996-ee47-4b0a-aba2-aca343e91809;0;0;0;0;0;0;0;0;0;1
025726e3-af0f-4437-b7fe-f44196632262;0;0;0;0;0;1;0;0;0;1
02573243-6c46-43a5-98c0-74a98e4f44bf;0;0;0;0;0;0;0;0;1;1
0257b2e0-d7c6-40c6-9788-ed66bd5a5010;0;0;0;0;0;0;0;0;1;1
02583d52-ae83-4562-b6e5-120371b935d8;0;1;0;0;1;0;0;0;0;0
02590bf2-a284-4a7c-9746-32eda8f8d802;1;0;0;0;0;0;0;0;1;1
02591d36-287d-4d89-9e87-85b63370088a;0;0;0;0;0;0;0;0;0;1
0259de8e-00a0-4592-a7fe-4d5a7c3a10ad;0;0;0;0;0;0;0;0;0;1
0259e511-0c39-4c2e-82e0-7900d44deae3;0;0;0;0;0;0;0;0;0;1
025a3383-55e6-4d5f-8439-64b87cf7255c;0;0;0;0;0;0;0;0;1;1
025b8ff7-ebc6-4fd8-8520-4c7e09bdf849;1;0;0;0;0;1;0;0;1;1
025c01a2-32bc-42f8-83d0-bc0ea0ad738c;0;0;0;0;0;0;0;0;0;1
025c43d3-b089-427b-b1f0-b8062e5b3fd0;0;1;0;0;1;0;0;0;0;0
025cf42b-99a1-4836-abea-f5776440d51f;0;0;0;0;0;0;0;0;1;0
025dffbb-38bd-4d6a-9394-ea18946e1d86;0;0;0;0;0;0;0;0;1;0
025f6833-1680-4126-89ef-b416f2137c8f;0;0;0;0;0;0;0;0;0;1
02605fa6-948c-485b-bce6-c1a4a9ebf973;1;0;0;0;0;1;0;0;0;0
02612a8b-a4e4-45f9-94c9-1949a77a0112;0;0;0;0;0;0;0;0;1;1
0261e58b-0930-4583-a31f-18221acd0e2f;0;0;0;0;0;1;0;0;1;0
026209d3-032b-4b10-a0af-e17492d73dc4;1;0;0;0;0;0;0;0;1;1
02621437-91e9-4b9c-83ef-d3a65feebcd4;0;0;0;0;0;0;0;0;1;1
0262eed6-8d5b-467a-9093-0b4ee4f2e3a3;0;0;1;0;0;0;0;0;1;1
026429e7-0ad8-4baf-bb9e-deae6207f3dc;0;0;0;0;0;0;0;0;0;0
026429e9-800a-42e4-b8f2-5311130cbb04;0;0;0;0;0;0;0;0;1;1
0264969c-597b-4589-a79f-0ef659714d62;0;1;0;0;1;0;0;0;0;0
0264aaa7-cfb7-4c4e-89ab-18a949b4c062;0;1;0;0;1;0;0;0;0;0
0264eb87-3498-46a9-bbf6-e55f7d01a4bf;0;0;0;0;0;1;0;0;0;1
02652f05-7475-4644-9ccc-d164d21ad5dc;0;0;1;0;0;0;0;0;1;0
0265f30d-dad7-4185-af31-44f0a299b5c2;0;0;0;0;0;0;0;0;1;1
02665d15-2d22-4b8c-9679-3f546d16b56f;1;0;0;0;0;1;0;0;1;0
026673b9-11d6-4189-9b57-8a700dc573ed;0;0;0;0;0;1;0;0;0;1
0266956b-14b1-4684-a972-7e3716675df3;0;0;0;0;0;0;0;0;1;1
02669a9b-b0b3-4aaa-88d7-eea15cb05765;0;0;1;0;0;0;0;0;1;1
0266eb8a-1116-4751-9341-5b44b3a9b959;0;0;0;0;0;0;0;0;1;1
02685065-8f40-4fbc-a56b-f41f9fcf52fa;0;0;0;0;0;0;0;0;1;1
02698507-7e9b-4d4d-b35c-7195aabb7006;0;0;0;0;0;0;0;0;0;0
026a1779-3031-4917-94c0-4b5ee388bda0;0;0;0;0;0;0;0;0;0;1
026af68e-5a68-4061-9228-105f4f1957d2;0;0;0;0;0;0;0;0;1;1
026c7747-22e8-40e3-9a62-1f8252d8ccd4;0;0;0;0;0;0;0;0;1;1
026ca9df-2dae-4091-b4d3-4c07586989d6;0;0;0;0;0;0;0;0;1;0
026cf39e-716a-4db6-9f47-6208878f9029;0;0;0;0;0;0;0;0;1;1
026d15ae-681e-4c98-ae1c-003974a6ea3d;0;0;0;0;0;1;0;0;0;1
026d402f-71b2-4aa1-8a82-ec6ee372c9ac;0;0;0;0;0;0;0;0;0;1
026e0d5e-488f-498c-a09e-9971bdf7c737;0;0;0;0;0;0;0;0;0;1
026faa07-4ce3-4d49-88cf-7f6171f3c78c;0;0;0;0;0;0;0;0;1;1
0270569d-8aa2-4ee0-a3a6-cdcfd61b2b71;0;0;0;0;0;0;0;0;0;1
0271bd45-9058-49a8-823d-a608db65434f;0;0;0;0;0;0;0;0;0;1
02727d83-0a22-4d5c-93ca-afe6a413a139;0;0;0;0;0;0;0;0;1;1
0272a122-2152-4c84-b04d-6fa573c1c134;0;0;0;0;0;1;0;0;0;1
0272c212-ee05-4758-a538-4ec4a663afe0;0;0;0;0;0;0;0;0;1;1
02732ea5-2fb0-4c87-ba64-e0940f7b219b;0;0;0;0;0;0;0;0;0;1
02738106-a717-4ec7-b584-adea3d1dc30b;1;0;1;0;0;0;0;1;0;0
0273ca9b-74ef-4982-88f1-01e9464f5f21;0;0;0;0;0;0;0;0;0;0
0273cbec-a3ff-4b79-b5c8-313f79d50d54;0;0;0;0;0;0;0;0;1;1
027505b4-d896-4f38-a743-c3bfe0fc77a4;0;0;1;0;0;0;0;0;0;1
0275ea39-465f-4786-bdf7-77af2d1a82a1;0;1;0;0;1;0;0;0;0;0
0276e9d8-a6a6-456d-a6f1-818717e47432;0;0;0;0;0;0;0;0;0;1
0278723c-8a21-404b-9a0c-4059036f137d;1;0;0;0;0;0;0;0;1;0
0279115a-b7b9-4bd4-82e8-99539a3a7e27;0;0;0;0;0;0;0;0;0;0
0279ed2a-2fb4-4dcc-a9e2-0143c23f7dbf;0;0;0;0;0;0;0;0;1;1
027a0262-7b79-4b58-a4da-908d0f8e317f;0;0;0;0;0;0;0;0;1;1
027a0b72-240f-4aed-bae8-a3feea02866a;0;0;0;0;0;1;0;0;0;0
027a83be-d8d0-49b1-949b-81dd02231935;0;1;0;0;1;0;0;0;0;0
027c79b4-ff73-48d6-b9f4-13ca3e2f2884;0;0;0;0;0;0;0;0;0;1
027d5041-3bf2-40a1-8357-53edd019dc21;0;0;0;0;0;0;0;0;1;1
027de898-3494-4c89-af99-6435bb151052;0;0;0;0;0;0;1;0;0;0
027e8a14-b567-4577-b563-53e7805d2ed9;0;0;0;0;0;0;0;0;1;1
027fbd27-82c8-446b-806d-b34b937d0219;0;0;0;0;0;1;0;0;0;1
027fe894-594c-49fa-a8f0-f6b997cc840c;0;0;0;0;0;0;0;0;1;1
02804b78-4c4b-41a4-ba53-4b15c692e441;1;0;0;0;0;0;0;0;0;1
02824161-372f-4d9d-aaf8-14357123b1a3;1;0;0;0;0;0;0;0;0;0
02832c82-3b43-4e03-bfe3-c76b0bfd85a1;0;0;0;0;0;0;0;0;1;1
02853679-c4f4-449c-84ae-847ac41ef272;0;0;0;0;0;0;0;0;1;1
0285e4bc-bdc3-46e4-a7ec-fc77f9f0a908;0;0;0;0;0;0;0;0;1;1
02870760-41b8-4ed0-9fed-9ee66d4efc42;1;0;0;0;0;1;0;0;0;0
02874ed3-aa35-4f59-90c0-31cc98013531;0;1;0;0;1;0;0;0;0;0
02879dc2-6a9e-4087-897e-b99d0ef5cbb4;0;1;0;0;1;0;1;0;0;0
028a4528-e869-4afa-9120-d253e0773517;0;0;0;0;0;0;0;0;1;1
028ad67d-98dc-4ef0-93df-73a43833fd85;0;0;0;0;0;0;1;0;0;0
028b3944-51c3-4b9e-ae5f-2c70b9b189d3;0;0;0;0;0;0;0;0;0;0
028bc1cf-1710-4abb-b78d-5c4c2d63c825;0;0;0;0;0;0;0;0;1;0
028d4f0e-105b-4083-b6cd-8e51a7e1e9d5;0;0;0;0;0;0;0;0;0;0
028fcf95-12bc-460a-8ace-453c61c849bb;1;0;0;0;0;0;0;0;0;1
029093dc-c9b7-461d-b279-9bfd052485ab;0;0;0;0;0;0;0;0;0;0
02913bc3-1f3b-4cb1-b9ff-19f76390b271;0;0;0;0;0;0;0;0;0;1
02922b44-7264-43ff-9849-f8592aaaf17c;0;0;0;0;0;0;0;0;1;1
029265bb-5300-4a58-a83e-5eb8838f2506;0;0;0;0;0;0;0;0;1;0
029457c5-2087-400b-b112-3cab0e828a11;0;0;0;0;0;0;0;0;1;1
029521ee-0263-412f-a894-47967565afbe;0;0;0;0;0;0;0;0;1;0
0295d9f3-d3c1-4515-a2b7-484d7923f80c;0;0;0;0;0;1;0;0;0;1
02967168-36c6-4cb9-b804-0827f9d65b6c;1;0;0;0;0;0;0;0;0;1
0297b3c6-dd0f-4a26-b7b9-4e2f55247e60;1;0;0;0;0;1;0;0;0;0
0297d62c-6b55-494e-af70-4ed3fd25523e;0;0;0;0;0;0;0;0;1;1
0299136e-65f4-458c-8f71-858599b4c263;0;1;0;0;1;0;0;0;0;0
029a2b4e-b979-46e9-a4d2-07d194cd3875;0;0;0;0;0;0;0;0;0;1
029a3b91-dc3e-4490-94be-6915ae7cafb3;0;0;0;0;0;0;0;0;0;1
029ad3ec-ed2e-422e-8166-b56b82fb581c;0;0;0;0;0;0;0;0;1;1
029b89f4-da10-47e0-9664-8a0cd3dbfbad;0;0;0;0;0;0;0;0;1;1
029ba21a-b4a2-4e68-88b3-9ed188c3c4f3;0;0;0;0;0;0;0;0;0;1
029bfa5d-944e-4182-be40-8396628b5da0;1;0;0;0;0;1;0;0;0;0
029c0c6f-1a00-489d-b0c6-781f7d09b79a;0;0;0;0;0;0;0;0;0;1
029ca873-ebe7-42d2-a60e-e0318e229521;0;0;0;0;0;1;0;0;0;1
029cc646-8430-4c2c-9337-36a438bd4fd8;0;0;0;0;0;1;0;0;0;0
029e84f2-b459-4f30-b99e-beb7f078918e;0;0;0;0;0;0;0;0;1;0
029ee434-74b7-4b1f-9e4a-635cad195006;0;1;0;0;1;0;0;0;0;0
029f3839-de3c-499d-9cd0-1b16cc9eeaf8;0;0;0;0;0;0;0;0;0;1
029f7b79-dd87-42ee-89e0-6612c7b580fa;0;1;0;0;1;0;0;0;0;0
02a048f8-7314-4f07-a5aa-485ea0c596ff;0;0;0;0;0;0;0;0;1;0
02a06400-b66a-4717-81c3-a3832d042d99;0;0;0;0;0;1;0;0;0;1
02a185e5-ec83-48eb-953c-9e8d32ae6aa5;0;0;0;0;0;0;0;0;1;1
02a261ca-ba31-49c4-842a-498888c658e0;0;0;0;0;0;0;0;0;0;1
02a2be44-836b-480a-9d97-239aae03e60e;0;0;0;0;0;0;0;0;1;1
02a3dab6-f0d6-427c-842a-bc33f97cdbf9;1;0;0;0;0;1;0;0;0;0
02a5a9f2-43fd-4e5d-a902-3c65c0c27432;0;0;0;0;0;0;0;0;0;0
02a69386-7885-4eda-8989-0137f2531712;1;0;0;0;0;0;0;0;0;1
02a6e616-bbb5-4d33-ad93-521c23afde26;0;1;0;0;1;0;0;0;0;0
02a6fb3b-9b4f-455f-bcae-fca02695e9fa;0;1;0;0;1;0;0;0;0;0
02a725bf-169b-4eda-9ff3-75bcef0fbc94;0;0;0;0;0;0;0;0;1;1
02a7b25b-88de-4006-943e-1e303a818356;0;0;0;0;0;0;0;0;1;1
02a89c98-ac78-4d51-a4b8-4881fbcadac6;0;0;0;0;0;0;0;0;1;1
02ac8406-4b36-4918-9514-284f14aedb8a;0;0;1;0;0;0;0;0;0;1
02ad516c-67ab-4ae0-ac00-58620ec1bcf5;0;0;1;0;0;0;0;0;1;1
02adc9d3-f487-4258-a598-8092fa4a0165;0;0;0;0;0;0;0;0;0;1
02addb9e-b729-4eb7-8f30-4171ec74bfc7;0;0;0;0;0;0;0;0;1;1
02addff3-8843-4f57-a390-492a234a429a;0;0;1;0;0;0;0;0;0;1
02ae398a-a4fd-40a9-91df-db9dd50c1a71;1;0;0;0;0;0;0;0;1;1
02ae724f-7218-45d1-85df-248804263543;1;0;0;0;0;0;0;0;0;1
02aeb69a-5304-4803-85f9-bd8900442b03;0;0;0;0;0;0;0;0;1;1
02aec704-9542-4d51-aea8-0b232870a711;1;0;0;0;0;0;0;0;0;1
02afb242-1724-4689-81dc-86ef03278793;0;0;0;0;0;1;0;0;1;1
02afca37-2e54-4d4d-b4f3-6f0f5c4a81a0;0;0;0;0;0;0;0;0;1;1
02b0ed26-9e2a-42c8-ace9-2db97ef77ad4;0;0;0;0;0;0;0;0;1;1
02b1b55b-ccd8-49a2-bef8-0b900cc721a2;0;0;0;0;0;0;0;0;1;0
02b209af-798a-4d83-8112-184c1ef4eff3;0;0;0;0;0;0;0;0;0;0
02b2fd27-d93b-476c-9cd3-b46b699ff976;0;0;0;0;0;0;0;0;1;1
02b381e5-399d-4ac1-b7dc-888d2086d2d9;1;0;0;0;0;0;0;0;1;1
02b4503d-8be3-445f-875a-32f2d5ca817f;0;0;0;0;0;0;0;0;1;1
02b53d9b-2d04-4a0e-bb96-15ed59b47659;1;0;0;0;0;0;0;0;1;1
02b57de2-9748-4e87-ac6b-b07a1ead74ca;1;0;0;0;0;0;0;0;1;0
02b67938-dbef-46d0-a5df-ae050fdce23a;1;0;0;0;0;0;0;0;0;1
02b693a5-5ebd-4cf4-b3dc-d3b1f72c4284;0;0;0;0;0;0;0;0;0;1
02b6bdb7-344e-45c7-b785-f812a0fe2f31;1;0;0;0;0;0;0;0;1;1
02b715a9-420a-4ee1-ba2c-74cf25bd688f;0;0;0;0;0;0;0;0;0;1
02b85c4b-4e13-466a-a851-7b428653f484;0;0;0;0;0;0;0;0;1;1
02b8efb1-1d4a-4c24-bd15-a7a179b02c4a;0;0;0;0;0;0;0;0;1;1
02b94083-9235-446d-9e5c-8c5952f1d683;0;0;0;0;0;0;0;0;0;1
02bb678b-522d-4db7-9c39-337e939f4599;0;0;0;0;0;0;0;0;0;1
02bbbe15-3b07-4771-907f-ae3c890e574c;0;1;0;0;1;0;1;0;0;0
02bbc192-307a-494f-ad53-e68ade1a2cdc;0;0;0;0;0;0;0;0;0;1
02bc1e2f-7104-4c89-8155-3d46acd814b0;0;0;0;0;0;0;0;0;1;1
02bc8428-e8e5-4691-a3f1-0d7b4fc8c536;0;0;0;0;0;0;0;0;0;0
02bc9b86-03a0-4e41-9839-7729423fd111;1;0;0;0;0;0;0;0;1;1
02bd0cb2-e0a3-44ce-ace1-d43e5b504a18;0;0;0;0;0;0;0;0;1;1
02bd1e1b-8e2f-4c66-bdc0-ecff2c0c5e08;0;0;0;0;0;1;0;0;1;1
02bdc425-1c61-48e4-970a-082f1ae54448;0;0;0;0;0;0;0;0;0;0
02bdc6c2-ca3c-47aa-bfad-598a9efa9d79;0;0;0;0;0;0;0;0;0;1
02beb588-280d-423f-becf-4c4607388f0c;0;0;0;0;0;0;0;0;0;1
02bec57a-21fd-4f81-9e44-7a64b3697f57;0;0;1;0;0;0;0;0;1;1
02bfaf9d-ab14-4a66-86c9-ac934df538f0;0;0;0;0;0;0;0;0;0;1
02bffeb5-a029-4c27-ba5b-a0a552eae709;0;0;0;0;0;0;0;0;1;1
02c02453-b8c4-4f59-bd21-6503514cf3fa;0;0;0;0;0;0;0;0;1;1
02c0e8b3-089e-432a-9e94-9895b6337712;1;0;0;0;0;0;0;0;0;0
02c14812-a874-46db-99b3-66ec0a5c00d5;0;0;0;0;0;0;0;0;1;0
02c1cf9c-b3d9-43a6-a51e-7c5625e6c671;0;0;0;0;0;0;0;0;1;1
02c22b67-7d01-4b87-a2cc-d9513ffdd0f9;0;0;0;0;0;0;0;0;0;1
02c285d6-62dc-4f08-a855-df909b0e9d36;0;0;0;0;0;0;0;0;1;1
02c2db6d-52ee-4e8d-b40a-468b84508edb;0;0;0;0;0;0;0;0;1;0
02c2f523-9d2e-4336-9363-fd5379f2b3e9;0;0;0;0;0;0;0;0;0;1
02c30e21-db03-44d7-b7bd-e3f12c03453f;0;0;0;0;0;0;0;0;1;1
02c37b60-dd74-4de5-be80-1fee3b59f9de;1;0;0;0;0;1;0;0;0;0
02c5b421-c7cd-49dd-a19e-e0d8cfcdab99;1;0;0;0;0;0;0;0;0;0
02c6319c-e43d-4bd3-94b2-181bfc2a4275;0;1;0;0;1;0;0;0;0;0
02c6905f-b395-43e2-b112-52ba500e3b21;1;0;0;0;0;1;0;0;0;0
02c6bdf3-3728-4ebc-a80a-b6954268c551;0;0;0;0;0;0;0;0;0;1
02c72c87-336e-42af-8458-c82561e09585;0;0;0;0;0;0;0;0;1;0
02c77673-558e-4d6d-bee2-55e7a101e111;0;0;0;0;0;0;0;0;1;1
02c94787-9210-4b3d-801d-1dcee10f54e4;1;0;0;0;0;0;0;0;1;1
02c9c808-8770-4f36-ae30-beab6d0a59f0;1;0;0;0;0;0;0;0;1;1
02ca1c21-1fa1-4aa8-8d46-625ee5a771f0;1;0;1;0;0;0;0;0;0;0
02ca9f9c-16d8-4d70-84d6-f630c3b7d3c7;0;0;0;0;0;1;0;0;1;1
02caf67f-a348-4420-9ef8-ffb819ba4c30;0;0;0;0;0;0;0;0;0;1
02cbb4e7-08ff-41ff-87cb-0b277c23d106;0;0;0;0;0;0;0;0;1;1
02cbf203-0bc0-49b5-b94c-4f7e4a2b89d6;0;0;0;0;0;0;0;0;0;0
02cc2090-8d6e-43ff-b6e4-6d0217a989b1;0;0;1;0;0;0;0;0;1;1
02cee223-d88e-47c1-932b-767f374d8914;0;0;0;0;0;0;0;0;1;1
02cf311c-8fa6-472b-9185-895c178c14c8;0;0;0;0;0;0;0;0;1;1
02d1c3a6-8f70-463d-9fb9-e6d45cfaf0bb;0;1;0;0;1;0;0;0;0;0
02d24b33-5bf6-4a04-bae6-5653d714ddbd;0;0;0;0;0;0;0;0;0;1
02d26c5b-20c4-4c78-af3e-a20dab2e71b2;0;0;0;0;0;1;0;0;1;0
02d2c37a-5668-4017-aac2-e8011073d7c6;0;1;0;0;1;0;0;0;0;0
02d3785c-29c6-448c-b567-c9441404865c;0;0;0;0;0;0;0;0;0;0